user_id,event_id,probability,prediction,actual_label
5574997,941853303,4.2417412e-07,0,1
5574997,1423412400,3.124114e-11,0,0
5574997,4227005710,1.4980745e-07,0,0
5574997,623506969,0.00040584436,0,0
5574997,1116957623,6.0634455e-05,0,0
7547671,2573061069,1.3494399e-06,0,0
7547671,2433864694,0.9999734,1,0
7547671,3428807031,0.99338454,1,0
7547671,1228445722,0.9692351,1,1
7547671,3891122666,0.99972636,1,0
10329108,40254649,1.0882758e-05,0,1
10329108,1940922842,1.2071941e-06,0,0
10329108,788687116,1.3398659e-06,0,0
10329108,1287318780,0.0011671253,0,0
10329108,86565862,0.14477743,0,0
13301498,4059184428,0.0006480705,0,0
13301498,151676688,0.0559085,0,0
13301498,3802650890,0.0002253871,0,0
13301498,3499428374,0.3776927,0,1
13301498,4002702641,0.0024078763,0,0
13301498,1667438718,9.168487e-08,0,0
13301498,3950787980,5.1105565e-07,0,1
13301498,457253413,4.839145e-07,0,1
14411090,1065213296,3.27857e-05,0,0
14411090,3956443206,0.99996924,1,0
14411090,825060275,0.98700213,1,0
14411090,1073827062,0.9902098,1,1
14411090,753115138,3.0876607e-05,0,1
29002074,2940200534,2.3212958e-10,0,0
29002074,2876585126,2.6861535e-10,0,0
29002074,4126236405,3.171561e-08,0,0
29002074,2653549574,0.0002063227,0,0
29002074,3743521539,3.5540588e-06,0,0
33930603,35091389,2.6003542e-09,0,0
33930603,156494494,0.99813336,1,1
33930603,55071868,3.3790383e-07,0,0
33930603,2590444754,6.185442e-08,0,0
38985694,1013324522,1.2197945e-06,0,0
38985694,3028393247,0.9323162,1,1
38985694,2414905031,1.3978449e-06,0,0
38985694,364913652,0.0016654753,0,0
38985694,996998389,0.0020875102,0,0
38985694,297891426,0.0007159471,0,1
66260844,1395553217,0.10141845,0,0
66260844,897667289,0.99997437,1,0
66260844,1958166234,7.032451e-06,0,0
66260844,2805037878,0.0665272,0,0
66260844,2980258101,0.079019874,0,1
66260844,3558623308,0.86893654,1,0
71688472,3084061084,9.8635755e-05,0,1
71688472,3382409058,1.2774203e-07,0,0
71688472,2315284102,2.962503e-06,0,0
71688472,2466263946,0.00011420491,0,0
71688472,3698076969,0.0013998821,0,0
71688472,3175036170,0.9999877,1,1
71688472,2110243278,0.7588354,1,1
71688472,2841665850,0.98042864,1,1
80379054,3323227161,4.217175e-06,0,0
80379054,281589102,6.293968e-08,0,0
80379054,183271526,1.8173568e-12,0,0
80379054,1396454425,0.00040108705,0,0
80379054,2140447500,0.99997246,1,0
80379054,206713867,0.9999918,1,0
82610705,238236954,0.0002046296,0,0
82610705,2114371180,4.192545e-05,0,1
82610705,1771863286,2.3218392e-07,0,0
82610705,4223365917,0.00049950747,0,0
82610705,4258442948,3.3817916e-05,0,0
82610705,615488222,0.99999857,1,0
88554519,1793386378,0.00027701387,0,0
88554519,570345153,0.9999881,1,0
88554519,2420516619,0.9993389,1,0
88554519,1061559786,0.9852879,1,0
88554519,2893363609,0.9999988,1,1
95170590,3416874251,1.0,1,0
95170590,1827572703,0.001116254,0,0
95170590,1690420493,2.1885748e-08,0,1
95170590,2705765590,3.3246494e-08,0,0
95170590,3751042480,0.008671771,0,0
95170590,1760953513,0.07872185,0,0
95170590,553400622,0.024499763,0,0
95170590,1971885970,0.97503245,1,1
96542289,3555202073,6.0232787e-06,0,0
96542289,3419710650,3.8103888e-06,0,0
96542289,3315946306,1.0753716e-11,0,0
96542289,1383705967,3.8892267e-06,0,0
96542289,3214976127,0.011379918,0,0
96542289,2321729704,0.99999976,1,1
96542289,3033099568,0.98738176,1,0
96542289,3007412705,0.004798928,0,0
96542289,1671385767,0.00023854556,0,0
96542289,4251687494,0.02521958,0,1
96542289,1813185314,0.074548505,0,1
96542289,1893384353,0.9999994,1,1
96542289,1292154219,1.0,1,1
96542289,737340986,0.9994049,1,1
96542289,3080242563,0.9435898,1,1
96542289,1971604001,0.99994767,1,1
96542289,802414638,0.9999044,1,1
96542289,3339581566,0.9999993,1,1
96542289,690774443,0.999972,1,1
96542289,2636152679,0.9972488,1,1
96542289,3841696821,0.9999989,1,1
96542289,1204240464,0.9606413,1,1
96542289,779179812,0.9999652,1,1
96542289,3476214270,0.999951,1,1
96542289,4278185210,0.99999607,1,1
96542289,160567780,0.99999976,1,1
96542289,3418426127,1.0,1,1
96542289,2355101450,1.0,1,1
185422302,1989853635,0.99999857,1,1
185422302,3167570493,0.082650244,0,0
185422302,3011864911,0.9982663,1,0
185422302,1717327799,1.8001148e-06,0,0
185422302,812616126,1.4360019e-10,0,0
185422302,2290279491,0.023095453,0,0
185422302,3951904788,0.99997854,1,1
194257626,3573505398,3.0237113e-06,0,0
194257626,2337799990,0.996329,1,0
194257626,3968521389,0.9995522,1,0
194257626,2929324744,0.5451037,1,0
194257626,51230207,0.9731933,1,1
204568422,96230245,0.0009262264,0,0
204568422,812516824,0.99999917,1,0
204568422,1596398209,0.9997627,1,0
204568422,2363782301,0.99998116,1,1
204568422,1796930021,0.9999968,1,0
210626346,4253811572,4.151965e-08,0,0
210626346,1794508068,7.394207e-10,0,0
210626346,3230361882,1.6342856e-10,0,0
210626346,1718853706,8.0858854e-08,0,0
210626346,690652273,0.86687344,1,0
240521211,551112142,5.132441e-06,0,0
240521211,3598552560,0.9999982,1,0
240521211,3123265999,0.9992111,1,1
240521211,873255426,4.057522e-06,0,0
240521211,1545194399,0.9866643,1,0
240521211,232015242,0.00013242176,0,1
240521211,990256291,0.99992204,1,1
247769793,1919281202,1.3376979e-06,0,0
247769793,3774220029,0.9999654,1,0
247769793,1336517851,0.9979432,1,1
247769793,4260837785,0.0002243832,0,0
247769793,1868823319,0.0027496533,0,0
247769793,1768663573,0.00069600774,0,1
247769793,401945277,0.671501,1,1
249577815,987391849,0.04426661,0,0
249577815,862876550,0.99995506,1,0
249577815,1103170882,0.9989567,1,0
249577815,2582794582,0.999998,1,0
249577815,2628690308,1.0,1,0
249577815,1990647154,1.0,1,1
249577815,530842823,3.4527356e-10,0,0
249577815,1676394036,0.96680063,1,1
249577815,2628408888,0.0013112712,0,0
249577815,3089404904,6.4826076e-05,0,0
249577815,2597857228,2.7254357e-06,0,0
252627634,2870286789,0.00040441888,0,0
252627634,2126954914,0.99999666,1,0
252627634,2460426930,0.99991465,1,0
252627634,2420516619,0.9996612,1,0
252627634,753115138,0.941579,1,1
254306319,1926063341,2.7614264e-05,0,0
254306319,371746452,0.9911341,1,1
254306319,70387299,1.9534692e-08,0,0
254306319,3930469318,1.6293284e-07,0,0
254306319,1132221750,5.7105688e-05,0,0
255311196,323513681,0.008860716,0,0
255311196,1455342959,0.9999968,1,1
255311196,2947047490,3.5010908e-07,0,0
255311196,2568338180,0.009285355,0,0
255311196,127255346,0.0029222823,0,0
265682801,3672109301,2.3561458e-07,0,0
265682801,423286334,8.871533e-08,0,0
265682801,645128809,2.417826e-07,0,0
265682801,1853948415,1.7676341e-06,0,1
265682801,4238847438,3.8577755e-06,0,1
265682801,2415873572,1.0,1,1
265682801,4002891827,0.98006356,1,1
265682801,1310511988,1.0,1,1
265682801,751749751,0.99999356,1,1
265682801,2102453106,0.99999976,1,1
265682801,3634298859,1.0,1,1
282487230,2427346312,3.9536888e-05,0,0
282487230,3207630269,0.24063149,0,1
282487230,2586592033,6.14482e-07,0,0
282487230,1402535842,0.00036789666,0,0
282487230,4207934307,0.0004562861,0,0
282487230,2520855981,5.5111104e-06,0,0
282487230,1096641829,2.8543926e-05,0,0
282487230,571271773,0.9976052,1,0
282487230,4128790213,1.0,1,1
282487230,3843341515,0.32110694,0,1
282487230,2407176743,0.99999976,1,1
282487230,1285131089,1.0,1,0
282487230,1365361942,3.1288204e-05,0,0
282487230,2822053009,0.9995322,1,0
282487230,391799317,0.0057247533,0,0
282487230,4180229951,4.568981e-09,0,0
282487230,1819204552,0.93961823,1,0
282487230,1019056837,0.99981064,1,0
282487230,709247293,0.989012,1,0
286293491,2763121514,0.0001194151,0,0
286293491,3171704410,0.9999875,1,1
286293491,1218703283,3.2869826e-07,0,0
286293491,1500213148,1.0189502e-06,0,0
286293491,2920293801,4.6315694e-05,0,0
294167146,2523329242,2.0146738e-06,0,0
294167146,4041609284,0.99747914,1,1
294167146,2114371180,8.4152745e-08,0,0
310846555,2658555390,3.7535727e-05,0,0
310846555,2692654556,0.99994445,1,0
310846555,869878857,0.7618517,1,0
310846555,126497153,0.99825686,1,1
310846555,1584496408,0.46732202,0,0
314484928,388291813,0.00045501348,0,0
314484928,2911072740,0.9999895,1,0
314484928,179959421,0.9998939,1,0
314484928,1111361846,0.58194846,1,0
314484928,2917794701,0.9999888,1,1
322814221,1714855985,5.339021e-13,0,0
322814221,1578537301,7.611995e-09,0,0
322814221,2937515293,8.3825336e-11,0,0
322814221,1262111436,1.3161816e-06,0,0
322814221,3933213847,0.014893493,0,0
338395830,2764878573,5.500602e-07,0,1
338395830,434543874,5.878097e-07,0,0
338395830,3271037126,2.3083252e-05,0,0
338395830,1917502195,0.0005718324,0,0
338395830,1350220187,8.245095e-07,0,0
338395830,938161513,0.9999113,1,1
344313409,3040935776,8.838375e-09,0,0
344313409,3272296205,0.99298966,1,0
344313409,1636447356,0.8441985,1,0
344313409,37732239,0.003030345,0,0
344313409,2303466552,0.9999758,1,1
351713549,221202458,0.0012395728,0,0
351713549,1600413013,0.00036132435,0,0
351713549,3602218872,2.4006871e-08,0,0
351713549,1095858231,5.2334694e-06,0,0
351713549,955398943,2.2329386e-06,0,0
354974889,1997474791,1.5690915e-06,0,1
354974889,2123383525,5.4165053e-08,0,0
354974889,1673641149,2.9574028e-07,0,0
354974889,4154940176,0.0043545435,0,0
354974889,1764880922,0.99695075,1,0
377835263,3351185226,7.052722e-10,0,0
377835263,2639332741,0.99998665,1,1
377835263,1421433916,9.28122e-11,0,0
379327893,4049041156,3.4976525e-05,0,0
379327893,3138309402,0.18965289,0,0
379327893,417123290,0.99997604,1,0
379327893,1105080022,0.96318364,1,1
379327893,2623324908,0.00490079,0,0
379327893,1631952362,0.00014341036,0,1
379327893,617227257,0.0002680447,0,1
393035612,645128809,0.059324093,0,1
393035612,2565498979,1.8264274e-05,0,0
393035612,2658555390,5.807206e-07,0,0
393035612,2422997693,0.2911052,0,0
393035612,2692654556,0.9999107,1,0
393817534,4140354199,2.2476934e-06,0,0
393817534,3162696015,0.9999995,1,0
393817534,3989357869,0.9903222,1,0
393817534,638892748,0.9477672,1,1
393817534,4208685267,0.99814737,1,0
396929851,1669979138,9.080406e-07,0,0
396929851,766543687,4.889725e-07,0,0
396929851,3739525198,4.6156797e-11,0,0
411622998,3084586084,0.9874134,1,0
411622998,1848091116,0.99981886,1,0
411622998,3440289078,0.9996493,1,1
411622998,1217021374,1.3667723e-12,0,0
411622998,3571898945,0.3830004,0,0
413881487,2580858981,0.000340013,0,1
413881487,2427137736,8.7562024e-10,0,0
413881487,1734883207,1.9257916e-06,0,0
413881487,2917794701,0.012023477,0,0
413881487,3258819416,0.15689352,0,0
423256429,941853303,2.6575827e-07,0,0
423256429,1860393518,1.0110514e-10,0,0
423256429,3005193781,5.6225695e-09,0,0
423256429,1218522841,0.000901735,0,0
427369081,519818482,2.9081749e-08,0,0
427369081,4186096930,1.3438077e-08,0,0
427369081,136622699,4.2756397e-05,0,0
427369081,1989853635,0.05921503,0,0
427369081,1232434552,0.9947266,1,0
437050836,1238456614,2.058587e-06,0,0
437050836,1937376836,0.99650973,1,0
437050836,1646190542,0.9951741,1,0
437050836,1346069916,0.9991886,1,1
437050836,2679177159,0.9834326,1,0
439316726,2797343771,9.052918e-05,0,0
439316726,4227005710,0.9760936,1,1
439316726,1423412400,4.919083e-08,0,0
439316726,2232544430,1.0033232e-06,0,0
439316726,1116957623,2.5800444e-05,0,0
443655774,251227584,4.3499693e-08,0,0
443655774,4199166902,0.99652547,1,0
443655774,122055810,0.9726806,1,0
443655774,1134192019,0.9082947,1,1
443655774,1967903028,0.98574245,1,0
443931185,2958912432,1.8532398e-12,0,0
443931185,677713209,9.784249e-10,0,0
443931185,3188683968,2.7085731e-11,0,0
443931185,906914792,0.6987099,1,0
443931185,4281845603,0.9494402,1,0
443931185,2454980175,1.0,1,1
451317840,1434013231,5.862049e-05,0,0
451317840,2570246824,0.9689324,1,0
451317840,4042567266,0.9998361,1,0
451317840,465881910,0.9940399,1,0
451317840,1185540477,0.9999161,1,1
458097400,45797935,5.238285e-07,0,0
458097400,3651171375,4.7975427e-05,0,1
458097400,1111636382,7.860205e-09,0,0
458097400,227528679,6.4726544e-11,0,0
458097400,3900687073,1.993689e-05,0,0
458097400,3034533222,0.98639816,1,1
458097400,2186498257,0.17014687,0,0
458097400,1021221971,2.9182902e-05,0,0
458097400,1390983489,0.0010270783,0,1
475620820,2952744705,7.48041e-07,0,0
475620820,1952482771,0.9997497,1,0
475620820,3179167671,0.99985015,1,0
475620820,2052102737,8.0965316e-07,0,1
475620820,2327143779,0.99984527,1,0
476865227,2732810444,0.0038005474,0,0
476865227,2304610871,0.99993026,1,0
476865227,426631217,0.9999713,1,0
476865227,488329448,0.9990275,1,1
476865227,4063419559,0.9999796,1,0
491792092,812516824,0.0013472614,0,0
491792092,955398943,0.9999994,1,1
491792092,35065426,9.315357e-08,0,0
491792092,175933138,0.000102777216,0,0
491792092,4137553369,4.5591905e-06,0,1
515567373,1951697386,4.3032403e-10,0,0
515567373,3041724882,5.588412e-07,0,0
515567373,3837778003,4.7480236e-10,0,0
515567373,2697775688,0.0007291416,0,0
515567373,2229810859,0.89992225,1,0
516841937,3170422433,3.812926e-07,0,1
516841937,1093670500,4.621593e-10,0,0
516841937,3802058372,4.0102128e-07,0,0
516841937,3091734711,0.0010026209,0,0
516841937,2554190716,0.010663829,0,0
527523423,1616400535,8.350151e-07,0,0
527523423,4176588019,0.09690712,0,0
527523423,2905243784,4.9074725e-07,0,0
527523423,1974374931,0.75955,1,1
527523423,2992424940,0.999998,1,0
528810329,3269751206,1.1944197e-06,0,0
528810329,2563575913,0.9993331,1,1
528810329,2660643006,1.07341876e-07,0,0
528810329,95873940,3.2862657e-09,0,0
528810329,1484389215,0.010136553,0,0
532589341,639862177,2.7441254e-06,0,1
532589341,1942387906,3.536579e-09,0,0
532589341,1707508219,1.03211e-05,0,0
532589341,3652056284,0.00039522222,0,0
532589341,2011797216,1.1127751e-06,0,0
547259551,1370289455,3.8397937e-07,0,0
547259551,2245388108,0.9751091,1,0
547259551,2567184413,0.9997086,1,0
547259551,3503491290,0.9999589,1,1
550625442,1775713481,3.6478393e-06,0,0
550625442,3344442885,0.99994946,1,1
550625442,655495803,8.372331e-09,0,0
550625442,4216835023,0.053781237,0,0
550625442,1591959024,5.3761046e-06,0,0
570405433,3598138867,2.4867495e-07,0,0
570405433,3459360961,6.0318714e-09,0,0
570405433,1621617792,7.838356e-06,0,0
570405433,2928192183,0.01080232,0,0
570405433,2955430444,0.5730535,1,0
570405433,2321862754,1.0,1,1
584188387,2105535604,0.00022439029,0,0
584188387,1392191159,0.9998311,1,0
584188387,887203538,0.994193,1,1
584188387,2839112015,0.00075084326,0,0
584188387,150342414,0.16075492,0,0
584188387,1726708048,9.172497e-05,0,1
584188387,1605098821,0.0020097052,0,1
589091561,4095661412,0.01261502,0,0
589091561,2287299654,0.99912626,1,0
589091561,2959420950,0.99988914,1,0
589091561,3819556308,0.97057164,1,0
589091561,2096532900,1.0,1,1
591781953,1584496408,1.5400594e-05,0,0
591781953,812516824,0.99889046,1,0
591781953,74229557,0.99986315,1,1
591781953,3362121781,0.0042944546,0,0
601094182,4243222986,7.996796e-06,0,0
601094182,1369355865,0.9999628,1,0
601094182,1327762804,0.9997217,1,0
601094182,2589273566,0.99999785,1,1
601094182,1206345604,0.9305523,1,0
601094182,1463875601,0.2772401,0,1
601094182,3171398290,0.98941994,1,1
602317951,720977622,0.00050879625,0,0
602317951,743289246,0.9999995,1,1
602317951,3374451878,1.4104651e-08,0,0
602317951,308894612,0.00096227904,0,0
602317951,1399695501,5.0654053e-06,0,0
603763318,639862177,7.591193e-08,0,1
603763318,1942387906,4.8472812e-09,0,0
603763318,3816284328,1.2834685e-07,0,0
603763318,612824362,0.002154817,0,0
609331956,119334177,2.4834792e-06,0,0
609331956,2554360190,0.9999999,1,0
609331956,1198319209,0.99992526,1,0
609331956,3538439402,0.93847084,1,1
609331956,1218522841,0.39629778,0,0
609630180,4209597549,0.8134808,1,0
609630180,328896398,0.99990165,1,1
609630180,2023524125,0.009478878,0,0
609630180,269461758,0.91802925,1,0
609630180,4141771222,0.00034171858,0,0
620032149,2255036161,1.361804e-07,0,0
620032149,3259367353,1.251804e-09,0,0
620032149,601021924,6.64323e-08,0,0
620032149,1512828747,4.1191142e-05,0,0
620032149,3860040039,0.00010900163,0,1
620032149,872036582,0.99954635,1,1
630652349,3795987129,1.2885145e-06,0,0
630652349,1406344701,0.8670811,1,1
630652349,1491668010,8.156379e-08,0,0
641836752,3979413296,0.00043398817,0,0
641836752,348631044,3.5162145e-08,0,0
641836752,3415274331,3.458144e-07,0,0
641836752,308676347,0.00035304273,0,0
641836752,784366933,0.9997762,1,0
641836752,101334227,0.9999478,1,1
642317092,1997109747,1.0,1,0
642317092,3376956416,1.0,1,0
642317092,3335267883,0.7281162,1,0
642317092,2951622929,0.83995104,1,0
642317092,2134876228,0.999997,1,0
642317092,45718516,1.0,1,1
645414373,2146934064,3.5508293e-08,0,0
645414373,3840019133,0.00016685949,0,0
645414373,3923438992,3.1623935e-05,0,0
648931301,1116957623,1.8862808e-08,0,0
648931301,1940265937,0.99899,1,0
648931301,2567184413,0.6587074,1,0
648931301,1190152428,0.0019721328,0,1
648931301,2232765899,0.9999497,1,0
651258472,792632006,0.06485572,0,0
651258472,2006433337,0.99985623,1,0
651258472,2584815477,0.9974004,1,0
651258472,3469146752,0.95826304,1,0
651258472,2620915673,1.0,1,1
659158929,2165957355,8.3127117e-07,0,0
659158929,2155511798,0.99999857,1,0
659158929,1578063348,0.9940124,1,1
659158929,2732343383,0.0046055154,0,0
659158929,3922480541,0.045307864,0,0
691831024,2993747793,6.727822e-07,0,0
691831024,1902753965,1.6120408e-07,0,1
691831024,1714855985,2.7623846e-11,0,0
691831024,2548272502,0.00046145098,0,0
691831024,1667438718,0.02747297,0,1
709445936,3171087633,2.831621e-05,0,0
709445936,581011119,0.9999981,1,1
709445936,1463617028,2.176515e-08,0,0
709445936,1942387906,3.806335e-10,0,0
709445936,1259701213,1.2216979e-05,0,0
723110955,2867772846,2.6119606e-05,0,0
723110955,4039802758,0.8894078,1,0
725162516,3629737683,3.4442594e-06,0,0
725162516,1298679001,0.9294492,1,1
725162516,2890153623,8.652841e-07,0,0
725162516,2378068015,5.0396502e-05,0,0
725162516,2579869852,0.15928797,0,1
725162516,3842788897,0.5954131,1,1
732078356,1455582876,0.005365143,0,0
732078356,2289758081,0.0041837594,0,0
732078356,1805938462,0.9941168,1,1
732078356,3028497756,2.1223508e-13,0,0
732078356,1853823814,1.11723415e-13,0,0
732078356,3976146754,0.0007620466,0,0
732078356,2340895720,0.5498656,1,1
732078356,2306874322,1.7662966e-09,0,1
732078356,1133783494,1.6031227e-13,0,1
732078356,276390533,5.2221438e-08,0,0
732078356,1708008861,2.769321e-08,0,0
734292380,584463007,3.9789054e-05,0,0
734292380,4001306055,0.0014108575,0,0
734292380,3991326635,2.950866e-06,0,0
734292380,1232721487,2.783548e-06,0,0
734292380,1100211249,0.9986804,1,0
738525400,1036106136,0.0056787273,0,1
738525400,2169105814,5.9381205e-07,0,0
738525400,3097171667,1.4255577e-05,0,0
738525400,1619986209,0.0028730333,0,0
738525400,2496895144,0.00017396479,0,0
738525400,1644971908,0.8246147,1,1
738525400,949639326,0.7734071,1,0
738525400,958456937,0.052948836,0,0
738525400,2383225522,1.4194924e-05,0,0
738525400,1037264024,8.311401e-06,0,0
738525400,366912974,0.00059127796,0,0
738525400,3110363670,0.9999994,1,1
743802819,2247273347,3.0248026e-07,0,0
743802819,3385943756,0.8975282,1,1
743802819,2877601054,1.2452202e-08,0,0
743802819,2437040715,0.0005672765,0,0
743802819,274234888,0.015966656,0,0
743802819,1408524517,0.11935998,0,0
765240064,1344630617,3.2459934e-07,0,0
765240064,3809205963,0.44706988,0,1
765240064,1787773483,1.3255259e-05,0,0
765240064,708064207,8.290719e-08,0,0
765240064,3169458477,0.00018650955,0,0
769376177,3772142360,1.480788e-07,0,0
769376177,2899306830,0.9938877,1,0
769376177,3812153136,0.99276936,1,0
769376177,3150441220,0.9797895,1,0
769376177,4166625784,0.9999995,1,1
777634122,4081195893,0.09870455,0,0
777634122,2415184013,0.9999944,1,0
777634122,287440303,0.9999099,1,1
777634122,826675497,0.76803684,1,0
777634122,1056011812,3.701505e-07,0,0
794355051,2381844770,1.311828e-07,0,1
794355051,2157555213,1.7758828e-05,0,0
794355051,244785505,9.316388e-08,0,0
794355051,2719298288,0.00066085986,0,0
794355051,2460377486,0.27192292,0,0
810608905,3898338309,0.99983597,1,0
810608905,776070223,0.99998665,1,1
810608905,706761589,8.028109e-06,0,0
810608905,1282392038,0.03572092,0,0
810608905,3905915919,0.00021074494,0,0
810608905,3684919275,4.9907198e-05,0,0
814715283,1405785624,0.69269025,1,0
814715283,3397017880,0.8098021,1,0
814715283,244219005,0.8392037,1,0
814715283,1783683714,0.0064353365,0,1
814715283,2942401862,0.0024357026,0,0
830686203,477813398,1.992976e-05,0,0
830686203,1355698802,1.0706375e-08,0,0
830686203,1891264305,4.6906822e-11,0,0
830686203,99027353,4.432173e-06,0,0
830686203,1006903887,0.69127566,1,0
830686203,3173523505,0.9999825,1,1
830686203,2186351621,0.999941,1,1
830686203,3595722243,1.0,1,1
836256116,1066240390,0.00036271487,0,0
836256116,1041260118,0.9949669,1,0
836256116,1294070735,0.998806,1,0
836256116,3005548418,0.99714416,1,1
836256116,1222056986,0.9992441,1,0
853658665,3679301219,1.3096245e-06,0,0
853658665,2376501244,1.9042924e-06,0,0
853658665,1549014243,2.6212099e-12,0,0
853658665,455812668,6.2914323e-06,0,0
853658665,3221372597,0.9800546,1,0
863771353,633272737,0.00015357089,0,1
863771353,21534034,6.006846e-08,0,0
863771353,151129683,1.9499484e-07,0,0
863771353,1008778548,0.0040197913,0,0
863771353,2626832189,0.16743957,0,0
869017322,1005830738,2.472717e-06,0,0
869017322,4208643265,0.99657696,1,0
869017322,1607711017,0.9865232,1,1
869017322,1281457075,3.218248e-05,0,0
869017322,2292780526,0.6409922,1,0
871177088,1981857366,7.545717e-05,0,0
871177088,4043705370,0.99547064,1,0
871177088,3480624055,0.9995254,1,1
871177088,908731571,0.010682171,0,0
871177088,4211536449,0.2901967,0,0
871177088,1589137785,2.4394554e-08,0,1
871177088,1922203779,1.0,1,1
871177088,1515306882,0.9551013,1,0
880096064,2375399520,2.3287623e-07,0,0
880096064,3399301092,0.9545313,1,1
880096064,2163214170,2.541062e-09,0,0
880096064,3332029000,2.3254754e-07,0,0
880096064,1810485930,0.029847208,0,0
881544435,3503491290,0.00010541147,0,1
881544435,1940265937,3.315036e-06,0,0
881544435,2715216804,8.138932e-06,0,0
881544435,3978290343,0.001567897,0,0
881544435,1116957623,2.641578e-06,0,0
883237232,2575303578,5.5506796e-08,0,1
883237232,3275971823,1.422036e-10,0,0
883237232,1337330366,5.3921784e-08,0,0
883237232,2572707488,0.0003110627,0,0
883237232,2702411670,0.9978096,1,0
900897870,3598553657,4.8637173e-07,0,1
900897870,3652056284,1.1343526e-08,0,0
900897870,639862177,3.418376e-08,0,0
900897870,1942387906,0.0035765264,0,0
900897870,2011797216,0.007383844,0,0
900897870,825378558,1.1477575e-05,0,1
903486144,3949816728,1.38623735e-08,0,0
903486144,1803275543,1.6193661e-07,0,0
903486144,2428635671,2.8181507e-12,0,0
903486144,2038842201,5.600156e-06,0,0
903486144,1962078959,0.99662787,1,0
903486144,2614611034,1.0,1,1
914476369,1116957623,4.0349725e-05,0,0
914476369,2715216804,0.99999917,1,0
914476369,1300718667,0.99996185,1,1
914476369,2007279414,1.7791475e-10,0,0
914476369,1940265937,0.7931809,1,0
916547437,1716470668,2.243824e-05,0,0
916547437,1816813281,0.9481713,1,0
916547437,1625021006,0.88426816,1,0
916547437,810618772,1.0,1,0
916547437,1465929077,0.9999999,1,0
916547437,1270020700,1.0,1,1
931677473,834246785,4.9787013e-07,0,0
931677473,2756918554,0.99989986,1,0
931677473,1868823319,0.9982809,1,0
931677473,3418014649,0.9911187,1,1
931677473,700041279,0.99991894,1,1
932480867,3116418543,2.4164615e-07,0,1
932480867,1617391894,1.5795178e-05,0,0
932480867,3653009977,9.13361e-09,0,0
932480867,2449646133,0.0058653746,0,0
932480867,2180806657,0.8423867,1,0
932543338,3383087119,0.033747032,0,0
932543338,1756649847,0.999005,1,0
932543338,1441630498,0.9993736,1,0
932543338,2223895704,0.86473054,1,1
932543338,3677480269,0.0028587407,0,0
932543338,2017884656,1.0912167e-08,0,1
934187073,909491317,0.0001011339,0,1
934187073,4177907021,6.910738e-08,0,0
934187073,2271777730,2.7929508e-07,0,0
934187073,3816861054,5.2367297e-05,0,0
934187073,53942841,0.0013023423,0,0
934187073,4000643494,0.9997234,1,1
934187073,876692516,0.9271646,1,1
934187073,4248391618,0.9999999,1,1
943483502,1972417022,0.074023865,0,1
943483502,1555919109,3.5183813e-08,0,0
943483502,952056690,1.1827419e-07,0,0
943483502,892306356,0.00033692035,0,0
943483502,852362805,0.15929845,0,0
943483502,1564670110,0.9915193,1,0
943483502,458239303,1.0,1,0
948275186,3904622721,1.2527893e-07,0,0
948275186,1672427463,0.99975866,1,1
948275186,3151112796,1.5667732e-08,0,0
948275186,1516820536,1.7732885e-06,0,0
948275186,4163567434,0.0008060925,0,0
962338748,358699964,2.1759925e-07,0,0
962338748,3851466541,0.48150033,0,1
962338748,965748273,2.457769e-06,0,0
962338748,1379372643,5.11273e-10,0,0
962338748,455787812,0.0016317002,0,0
964581027,3399301092,1.131391e-05,0,0
964581027,2611696870,0.99876106,1,1
964581027,2856764723,1.1159655e-05,0,0
964581027,714156115,0.0049664425,0,0
964581027,1600413013,0.8789335,1,0
965181412,3583332424,9.1026064e-05,0,0
965181412,2020714090,0.824644,1,1
965181412,2438954856,1.7381927e-06,0,0
965181412,4134388586,1.4805707e-07,0,0
965181412,1048603511,4.880409e-05,0,0
967988763,3158451708,0.01714008,0,0
967988763,2145133458,0.9999962,1,0
967988763,403097256,0.9963671,1,0
967988763,3372609211,0.99948967,1,1
967988763,2107889809,0.9999316,1,0
967988763,2434532267,0.99681574,1,1
973677184,2029652924,0.025796598,0,0
973677184,1321279586,0.9999944,1,0
973677184,897667289,0.9999995,1,0
973677184,256643979,0.99986386,1,1
973677184,3491186803,0.15955839,0,0
980272932,2044471878,6.116148e-06,0,0
980272932,963733660,0.73535174,1,0
980272932,1460884517,0.9968791,1,1
980272932,2204013412,9.319831e-09,0,0
980272932,4155847923,0.004167473,0,0
980272932,2848205164,4.194925e-05,0,1
980272932,1077498346,0.0017844653,0,1
981252249,2108188468,1.1321034e-14,0,0
981252249,1423412400,3.0399912e-11,0,0
981252249,4227005710,1.0233572e-11,0,0
981252249,1116957623,6.850573e-07,0,0
981252249,623506969,0.22041547,0,0
985547042,2770327714,0.066393316,0,0
985547042,1269035551,0.9975393,1,0
985547042,1902753965,0.29785165,0,1
985547042,1262111436,0.008292186,0,0
985547042,236468864,0.71211576,1,0
995603012,3742929052,2.1446033e-08,0,0
995603012,1535364758,0.028225549,0,0
995603012,2534057988,0.028685931,0,0
995603012,3839674755,2.1182987e-07,0,0
995603012,2966956306,2.8111922e-09,0,0
995603012,3006255100,4.4393682e-06,0,1
1008893291,1516820536,0.016475543,0,0
1008893291,878979384,0.99997663,1,0
1008893291,1356178708,0.9992581,1,1
1008893291,305917146,0.00010093455,0,0
1008893291,1115453150,7.2939285e-05,0,0
1016099896,3645292062,4.3718538e-07,0,0
1016099896,3872022044,0.9992466,1,0
1016099896,357251280,0.99174833,1,0
1016099896,3499428374,0.9993111,1,1
1016099896,3950787980,0.9696175,1,0
1016099896,4058829330,7.025246e-05,0,1
1016099896,1401946527,0.009688235,0,1
1017178142,3764710330,0.00027569282,0,1
1017178142,2130397423,2.3815746e-06,0,0
1017178142,3769822404,1.5557793e-05,0,0
1017178142,714415285,0.010103703,0,0
1017178142,589729782,0.9894546,1,0
1017178142,4243588081,0.88059807,1,1
1075126714,1343107637,0.06448581,0,1
1075126714,3722448563,1.0,1,0
1075126714,612644906,0.9893133,1,0
1075126714,1975638328,0.005939552,0,0
1075126714,2447396369,0.20638968,0,0
1075126714,3866658418,0.81314397,1,0
1075126714,1333188058,0.99828583,1,0
1075126714,490590226,0.9999999,1,0
1075126714,1154950496,0.99761343,1,0
1075126714,200586552,0.22871606,0,0
1075126714,2833450000,0.99999976,1,0
1075126714,3441655380,0.9858963,1,1
1075375005,2964716956,3.2974422e-06,0,0
1075375005,352549477,0.99988663,1,0
1075375005,897667289,0.9990307,1,0
1075375005,4158859973,0.9999392,1,0
1075375005,1243481310,1.0,1,1
1080002133,587071307,0.00021648481,0,0
1080002133,914775174,0.99585235,1,0
1080002133,2460532945,0.9896958,1,0
1080002133,528216257,0.63262415,1,0
1080002133,129024729,1.0,1,0
1080002133,1087635781,0.9984915,1,1
1080002133,914775174,0.78362566,1,0
1080002133,4276436069,0.8514168,1,0
1080002133,2696856891,4.6038884e-05,0,0
1080002133,1088873368,0.026812093,0,0
1093568005,1675237338,0.00043373872,0,1
1093568005,1860393518,8.55001e-09,0,0
1093568005,730935700,5.098137e-06,0,0
1093568005,2562099864,0.0012483526,0,0
1093568005,1737420203,0.8664598,1,0
1101602207,752006816,4.7081872e-07,0,0
1101602207,1762883212,0.8342285,1,0
1101602207,3277640596,0.9996364,1,1
1101602207,1855794888,0.0038145354,0,0
1101602207,691895528,0.0001518709,0,0
1107615001,173949238,1.2993793e-07,0,0
1107615001,1896664975,0.9946096,1,1
1107615001,2530713176,1.6275749e-07,0,0
1107615001,2512869273,2.1402597e-07,0,0
1107615001,3571614737,0.99446625,1,0
1107615001,251657645,0.17061554,0,1
1107615001,3078061160,0.84630245,1,1
1108471961,1577158093,1.399023e-10,0,0
1108471961,3432310055,0.0009153988,0,0
1108471961,2814929505,0.99653566,1,1
1108471961,3554768568,8.9086846e-08,0,0
1109967945,1953216013,0.0017659728,0,1
1109967945,3612086693,1.2631124e-09,0,0
1109967945,286049992,1.995142e-05,0,0
1109967945,2708587571,4.053918e-05,0,0
1109967945,129000851,0.78084713,1,0
1115244043,3484477049,3.0450775e-07,0,0
1115244043,682684211,0.00031337433,0,0
1115244043,2175816510,0.9997235,1,1
1115244043,2280692735,1.1344139e-05,0,0
1115244043,907368712,0.00012733495,0,0
1115244043,2577147907,0.86491185,1,0
1115244043,2348395736,0.9827512,1,0
1115244043,3915466247,0.68064004,1,0
1115244043,1127307325,1.0,1,0
1115244043,4121771254,0.9968053,1,0
1115244043,3530385333,0.9874772,1,1
1157924193,990256291,0.0006287349,0,0
1157924193,700247942,0.99999964,1,1
1157924193,3598552560,7.3839205e-06,0,0
1157924193,3741020356,0.0012424476,0,0
1157924193,551112142,0.0005507211,0,0
1164338332,2630531806,5.9061995e-07,0,0
1164338332,145305594,0.999949,1,0
1164338332,775092608,0.99769765,1,0
1164338332,2917794701,0.06427447,0,1
1164338332,1129492416,0.99990964,1,0
1166204486,1050673359,0.0006334782,0,0
1166204486,3378482079,0.9999939,1,0
1166204486,1609864127,0.9999976,1,0
1166204486,2212723194,0.9999975,1,0
1166204486,4223848259,1.0,1,1
1166204486,622003251,0.13317704,0,1
1184895977,2351154139,1.2124865e-06,0,0
1184895977,187383927,0.9943804,1,0
1184895977,3492650477,0.9999932,1,0
1184895977,815371089,0.84484226,1,1
1184895977,483630403,0.9994904,1,0
1195601618,2444024386,0.00017023268,0,1
1195601618,1425625542,1.9448402e-08,0,0
1195601618,1553332170,9.491418e-06,0,0
1195601618,3438843767,0.00033246476,0,0
1195601618,3864594429,0.9907279,1,0
1210062900,3175914811,0.0002905235,0,0
1210062900,3499428374,0.9998723,1,0
1210062900,3812153136,0.99928904,1,0
1210062900,1262770111,0.9997718,1,0
1210062900,4058829330,0.99998367,1,1
1210062900,2311007113,0.94495356,1,1
1240674478,714296247,0.0002655605,0,0
1240674478,3446902030,0.99997735,1,0
1240674478,2977770201,0.99938774,1,1
1240674478,3099074853,1.0774577e-07,0,0
1240674478,799065233,0.0003919366,0,0
1287850161,1272938012,7.168526e-05,0,0
1287850161,2718185989,0.99999964,1,0
1287850161,2105392706,0.99988997,1,0
1287850161,3335267883,0.99999607,1,1
1287850161,1883858398,0.9998281,1,0
1287850161,45718516,0.98049885,1,1
1308650192,3583375355,1.2988478e-07,0,0
1308650192,1771863286,0.9994324,1,1
1308650192,1606043732,2.3518346e-08,0,0
1308650192,3110443406,0.00080073194,0,0
1308650192,2803416473,0.72487843,1,0
1320099877,3727482724,1.4153517e-06,0,0
1320099877,4238238661,0.0012929899,0,0
1320099877,2389467513,0.79842764,1,0
1320099877,1123710397,0.15839246,0,0
1320099877,13857128,1.0,1,1
1320099877,3854862695,0.9983388,1,1
1345896548,2658555390,0.9999814,1,0
1345896548,2557897657,0.0013858944,0,0
1345896548,3505218480,0.009144676,0,0
1345896548,2621503414,0.018488798,0,1
1345896548,2180806657,0.9999857,1,0
1345896548,645128809,0.037568294,0,0
1349737346,431169924,1.0156912e-08,0,0
1349737346,3653847990,0.9993979,1,1
1349737346,3578957555,1.8020471e-06,0,0
1349737346,1781140612,1.0143428e-05,0,0
1349737346,2736362265,0.00015845646,0,0
1350285710,1660874393,7.8963836e-05,0,0
1350285710,2145223158,0.9990565,1,0
1350285710,1041499194,0.9999894,1,1
1350285710,3639467255,1.4623926e-06,0,1
1350285710,524691289,0.0029986908,0,1
1350285710,1824709964,0.9677292,1,1
1350285710,3066321838,0.9999995,1,1
1350285710,1595241082,0.99998486,1,1
1353265512,272472706,2.233028e-06,0,0
1353265512,4158715763,1.1820354e-06,0,0
1353265512,2899012651,1.3775342e-08,0,0
1353265512,2933182879,1.1661203e-06,0,0
1353265512,3451516652,0.9976999,1,0
1353265512,1679839905,1.0,1,1
1358222118,3066321838,1.3126555e-06,0,0
1358222118,2450977738,0.99999666,1,0
1358222118,537992874,0.9957989,1,1
1358222118,2751638880,0.00038338863,0,0
1358222118,2948655274,0.99732167,1,0
1358222118,1803275543,0.0031276573,0,1
1374956141,88377811,2.1394692e-06,0,1
1374956141,2652418462,0.000108294844,0,0
1374956141,2594274741,2.629358e-06,0,0
1374956141,1728390960,0.0074710883,0,0
1374956141,3956443206,0.0042803804,0,0
1374956141,1421051391,0.9859163,1,1
1377585598,3230361882,2.826223e-06,0,0
1377585598,2279531372,0.99458814,1,1
1377585598,3791893345,2.7715198e-06,0,0
1377585598,2469158753,0.0001412017,0,0
1377585598,943414054,0.08501484,0,0
1392332761,3583375355,0.0003552816,0,0
1392332761,221202458,0.99998534,1,1
1392332761,2759111805,6.8285326e-06,0,0
1392332761,4002702641,0.01582024,0,0
1392332761,585602638,0.015187666,0,0
1392332761,2691509364,0.8803063,1,1
1392332761,872605952,0.99948573,1,1
1399383819,1711030046,0.008117415,0,0
1399383819,3659992710,0.99997854,1,0
1399383819,2465996395,0.9999949,1,0
1399383819,617788282,0.95649505,1,0
1399383819,275352720,1.0,1,1
1411780050,2338846344,0.043120418,0,1
1411780050,3847455245,1.0673918e-05,0,0
1411780050,3869122811,2.4072453e-06,0,0
1426944148,1004175800,0.0012875888,0,0
1426944148,1993199919,0.97205263,1,0
1426944148,828951442,0.99936384,1,1
1426944148,4011667261,6.987761e-08,0,0
1426944148,3511745359,0.0021813065,0,1
1427469971,753115138,4.1214784e-07,0,1
1427469971,1499956021,1.513491e-08,0,0
1427469971,447738506,1.1396788e-06,0,0
1427469971,3036178663,0.00040808946,0,0
1438134738,1774925015,1.551647e-06,0,0
1438134738,1254371139,0.99999726,1,0
1438134738,3634231969,0.9975816,1,0
1438134738,237492267,0.9411904,1,0
1438134738,2434261763,0.99999046,1,0
1438134738,1707465742,0.99982774,1,0
1438134738,2146934064,0.9907259,1,1
1444113850,1619676916,5.792665e-06,0,0
1444113850,1299206322,0.99978274,1,0
1444113850,2610444710,0.9999145,1,0
1444113850,1024326314,0.061555598,0,0
1444113850,2951987246,1.16055595e-07,0,1
1444113850,1042064537,0.00016127,0,1
1463717359,2092805628,0.00020473597,0,1
1463717359,615488222,5.2662323e-09,0,0
1463717359,708549238,2.9112714e-06,0,0
1463717359,3617750746,0.00010702494,0,0
1463717359,1771863286,3.834433e-06,0,0
1486339292,221202458,1.6474687e-06,0,0
1486339292,1037510327,0.99992,1,1
1486339292,1541067257,5.4742917e-09,0,0
1486339292,3401681420,5.7164222e-08,0,0
1486339292,2793258618,0.00034346108,0,0
1515828822,1152772826,3.9875515e-05,0,0
1515828822,1077364719,0.99972874,1,0
1515828822,4107748684,0.9999051,1,1
1515828822,2586730902,0.90337485,1,0
1515828822,375657807,1.8216975e-09,0,0
1515828822,1507640424,0.47388777,0,1
1518400220,1840365070,3.8066286e-08,0,0
1518400220,2432115736,0.051283564,0,0
1518400220,706344711,0.9941748,1,1
1518400220,2436693163,3.1166255e-08,0,0
1518400220,998764986,0.027928608,0,0
1522287705,3935076467,1.443797e-06,0,0
1522287705,2353497273,0.99575776,1,0
1522287705,1730476324,0.98860514,1,0
1522287705,1389265162,0.9995691,1,1
1522287705,2251316725,0.99997437,1,0
1540298318,4125243964,0.020406034,0,1
1540298318,296236215,1.1020556e-08,0,0
1540298318,538532569,2.834445e-07,0,0
1540298318,4274310707,0.00037701562,0,0
1540298318,3143884531,0.0063886265,0,0
1543396188,2936071832,2.3591702e-09,0,0
1543396188,2835333152,0.9999286,1,0
1543396188,40254649,0.999967,1,1
1543396188,3119717504,0.0031751797,0,0
1543396188,2432212248,0.85894585,1,0
1545906782,4021367473,7.16651e-06,0,0
1545906782,3739965483,0.941368,1,0
1545906782,1655226972,0.908659,1,0
1545906782,2349777229,0.9954471,1,0
1545906782,1838041662,0.9995679,1,1
1548590231,1379372643,0.00022804395,0,0
1548590231,1595241082,0.99997854,1,0
1548590231,308894612,0.9999676,1,0
1548590231,3328747836,0.9145252,1,0
1548590231,965748273,0.99999666,1,1
1554993130,2460426930,0.00033616525,0,0
1554993130,3395036524,8.257883e-07,0,0
1554993130,480972362,2.4057005e-09,0,0
1554993130,2114371180,1.5598409e-05,0,0
1554993130,1448107006,0.87482834,1,0
1555879260,246929230,0.0056091878,0,0
1555879260,2285145952,0.9999566,1,0
1555879260,847172440,0.9887483,1,0
1555879260,3901918595,0.9768174,1,1
1555879260,1771383159,0.99701846,1,0
1566021834,4223848259,0.00017268876,0,1
1566021834,3233958546,2.5148023e-10,0,0
1566021834,3037032940,5.345991e-09,0,0
1566021834,3066321838,0.0002083814,0,0
1566021834,36941495,0.99575114,1,0
1566021834,2294124221,0.9995222,1,1
1568770334,555916900,1.3731474e-09,0,1
1568770334,3121696879,2.6410607e-10,0,0
1568770334,3253996490,4.807716e-09,0,0
1568770334,341845346,0.00027710976,0,0
1568770334,3866708665,0.0025510786,0,0
1571490313,2823481495,0.88963825,1,0
1571490313,2298346303,0.9999771,1,1
1571490313,1492629072,3.0682482e-08,0,0
1571490313,2180353936,1.988847e-06,0,0
1571490313,2610444710,2.1124244e-05,0,0
1572816023,1929622843,8.204495e-05,0,0
1572816023,1533805269,0.99977523,1,0
1572816023,36941495,0.99998426,1,1
1572816023,3061536656,0.000111112786,0,0
1572816023,2978139221,0.56350744,1,0
1583772039,3809991219,0.121353246,0,0
1583772039,86545292,0.9999995,1,1
1583772039,3368979284,0.00026100062,0,0
1583772039,1771863286,0.000359738,0,0
1583772039,666085755,1.481542e-05,0,0
1586029420,973265540,0.2956731,0,0
1586029420,3968299824,1.0,1,1
1586029420,341230339,3.1221893e-07,0,0
1586029420,3282841732,4.653786e-05,0,0
1586029420,1373597420,0.00035744807,0,0
1597392855,2178514388,0.00056990195,0,0
1597392855,1029448353,5.70916e-06,0,0
1597392855,716262797,2.1088375e-09,0,0
1597392855,3203768458,9.531388e-05,0,0
1597392855,2471590822,1.7188931e-05,0,0
1597392855,1600524252,0.9999968,1,1
1597392855,3952569238,0.9997452,1,1
1597392855,704367100,0.99998415,1,1
1597392855,3943014604,0.9990752,1,1
1597392855,1134365310,0.9991002,1,1
1612038297,2512730591,3.453807e-07,0,0
1612038297,687654571,5.995617e-08,0,0
1612038297,3855990127,6.2852465e-08,0,0
1612038297,2740924995,1.1634987e-06,0,0
1612038297,3204081953,4.9574548e-05,0,0
1612038297,687654571,0.93504816,1,0
1612038297,3204081953,0.9999342,1,0
1612038297,2188977150,0.00025845325,0,1
1612038297,2740924995,0.9999999,1,0
1612038297,2512730591,0.99890924,1,0
1612038297,3855990127,0.9911945,1,0
1612038297,356211013,0.83186525,1,1
1612038297,490005260,0.9684722,1,1
1612038297,3505444496,1.0,1,1
1612038297,2291564875,0.999995,1,0
1612038297,3518831374,0.0004235101,0,0
1612038297,940376988,4.3559075e-06,0,0
1612038297,1440583414,0.99521506,1,0
1612038297,3842575553,0.17029728,0,0
1612038297,1003847016,0.9992254,1,1
1615336827,3977523978,0.042720124,0,0
1615336827,1595241082,0.99947625,1,0
1615336827,3866466210,0.99999344,1,0
1615336827,2274349979,0.0047011157,0,0
1615336827,2478100190,0.9973929,1,1
1622015724,4272088362,2.9547436e-06,0,0
1622015724,736179869,0.84915465,1,0
1622015724,3732509776,0.9960685,1,0
1622015724,2342980834,0.98705995,1,1
1622015724,2334817798,0.89841235,1,0
1622015724,2344431772,0.000212357,0,1
1622015724,3643004825,0.2655454,0,1
1622015724,3566580149,1.0,1,1
1625116475,467130966,3.880501e-05,0,0
1625116475,990256291,0.913371,1,1
1625116475,1356197621,2.8553817e-08,0,0
1625116475,1545194399,9.459764e-05,0,0
1625116475,2757258727,0.10335834,0,1
1641960627,2293800830,1.0855619e-08,0,0
1641960627,3315433656,0.013538808,0,0
1641960627,530243426,0.03603675,0,0
1641960627,499039003,0.036261994,0,0
1641960627,514835296,0.85328484,1,1
1668335332,810618772,0.00053921767,0,0
1668335332,1716470668,0.9635587,1,0
1668335332,2396566946,0.9998683,1,1
1668335332,1465929077,0.00056660996,0,0
1668335332,2548272502,0.74736387,1,0
1701323236,1212611096,0.9999999,1,0
1701323236,2344431772,0.8760495,1,0
1701323236,3113793753,1.0,1,0
1701323236,3190717208,0.9999999,1,0
1701323236,1218703283,0.9999739,1,0
1701323236,2663748542,1.0,1,1
1711604959,236468864,1.8840097e-05,0,0
1711604959,1565892252,0.58778805,1,1
1711604959,12957499,1.1116619e-07,0,0
1711604959,4070745483,1.510621e-05,0,0
1711604959,1061572648,0.0005148668,0,1
1711604959,839562268,0.023320962,0,1
1711604959,2384973677,0.9998841,1,1
1711604959,3471887257,0.9999802,1,1
1716791097,2811628790,9.968785e-07,0,0
1716791097,2655011333,0.32093483,0,1
1716791097,278426484,2.1221853e-09,0,0
1716791097,881329056,0.004280096,0,0
1716791097,2438954856,2.4824281e-05,0,0
1716791097,2046775840,0.011798579,0,1
1737346733,2290279491,8.686036e-05,0,0
1737346733,2056660430,0.9999999,1,0
1737346733,822419493,0.75387424,1,0
1737346733,328882352,0.9993374,1,1
1737346733,2973510396,0.99999404,1,0
1754904960,3976565573,0.47191978,0,0
1754904960,1405785624,1.0,1,1
1754904960,2298516857,1.8294222e-05,0,0
1754904960,3285475817,3.5616184e-05,0,0
1754904960,1146909088,0.99769336,1,0
1766663257,2695813245,1.7356205e-11,0,0
1766663257,1474603767,1.4080836e-08,0,0
1766663257,4063409178,1.989427e-12,0,0
1766663257,4033897440,0.00047722296,0,0
1766663257,3022654050,0.17913938,0,0
1767855106,4002702641,0.009139769,0,0
1767855106,955398943,0.5023154,1,1
1767855106,1600413013,3.5536657e-06,0,0
1767855106,3812153136,2.8151e-07,0,0
1767855106,1586958576,0.038435094,0,0
1767855106,3499428374,0.016103555,0,1
1772941037,2102453106,0.0032011198,0,1
1772941037,59229220,4.279672e-07,0,0
1772941037,645128809,9.079747e-07,0,0
1772941037,2180806657,3.385173e-05,0,0
1772941037,799065233,0.0037380543,0,0
1788141082,1116957623,3.609268e-05,0,0
1788141082,2567184413,0.91548055,1,0
1788141082,3304261393,0.9999392,1,1
1788141082,2232765899,2.7330202e-07,0,0
1788141082,1940265937,1.8719734e-07,0,1
1788141082,236468864,0.80158335,1,1
1788256739,3191068419,1.3728972e-07,0,0
1788256739,2928235619,0.9998242,1,0
1788256739,4058829330,0.9995453,1,1
1788256739,2034313231,0.0021488992,0,0
1788256739,222101833,1.9688337e-06,0,0
1788256739,1969907111,8.125972e-06,0,0
1788256739,4102628773,0.13708355,0,0
1788256739,2806623786,0.96260655,1,0
1788256739,2533424446,0.9999999,1,0
1788256739,628671634,0.9999726,1,0
1788256739,13466907,1.0,1,0
1788256739,3860321739,0.9999994,1,0
1788256739,1463875601,1.0,1,0
1788256739,4192471115,0.9999461,1,0
1788256739,3795482697,1.0,1,0
1788256739,18300872,0.9999999,1,0
1788256739,2988444536,0.9998714,1,0
1788256739,646247709,1.0,1,0
1788256739,3150441220,1.0,1,1
1788256739,3837978989,0.9999633,1,0
1788256739,275352720,0.34688133,0,0
1788256739,3219123961,0.00077609293,0,0
1788256739,1822028766,0.19057818,0,1
1788256739,4078988502,0.3398761,0,0
1788256739,3720632668,0.0026490425,0,0
1788256739,1745609133,4.346907e-06,0,0
1788256739,1567409456,0.0075837774,0,0
1803816912,3397699384,7.36567e-06,0,0
1803816912,3295345325,3.5808094e-07,0,0
1803816912,3499428374,3.7968148e-06,0,0
1803816912,3689903524,5.123787e-07,0,0
1803816912,3856381135,0.98712254,1,0
1803816912,4002607728,1.0,1,1
1803816912,3368523631,0.99999917,1,1
1823716058,248110726,8.720545e-05,0,0
1823716058,2155175647,0.99982905,1,0
1823716058,1397955556,0.9998234,1,0
1823716058,2062185771,0.99999595,1,0
1823716058,1958147506,1.0,1,1
1826190863,1404009993,0.00034075842,0,0
1826190863,1510189693,0.9999995,1,0
1826190863,2654661184,0.99661416,1,0
1826190863,1325423111,0.9638778,1,1
1826190863,2104249205,0.31735414,0,0
1829290442,1407157250,2.4193825e-05,0,0
1829290442,2480319760,0.9999856,1,0
1829290442,1982879066,0.99929535,1,0
1829290442,1924180022,0.99859756,1,0
1829290442,3233958546,1.0,1,1
1833128849,153477774,0.00011336803,0,0
1833128849,3921231623,3.238523e-07,0,0
1833128849,480523741,1.6915415e-08,0,0
1833128849,3682513986,3.6035399e-06,0,1
1833128849,868771423,0.9858786,1,1
1833128849,1527531594,1.0,1,1
1833128849,996787136,0.99999857,1,1
1833128849,1958014037,1.0,1,1
1833128849,3322294869,1.0,1,1
1833128849,1768663573,1.0,1,1
1833128849,3441925897,1.0,1,1
1833128849,423286334,1.0,1,1
1833128849,622462500,0.9999796,1,1
1833128849,4222772842,1.0,1,1
1833128849,1336517851,1.0,1,1
1833128849,3847927617,1.0,1,1
1833128849,3816177993,1.0,1,1
1833128849,2346236824,1.0,1,1
1833128849,2029840938,1.0,1,1
1838926600,932490169,0.011398581,0,1
1838926600,2799693215,1.5407338e-07,0,0
1838926600,2681491444,2.5483155e-06,0,0
1838926600,1063271626,0.005450019,0,0
1838926600,1482347455,0.9561963,1,0
1895679477,1826591083,9.164942e-06,0,0
1895679477,2019748690,0.9999999,1,0
1895679477,4139722026,0.9973918,1,0
1895679477,1942387906,0.604459,1,0
1895679477,3652056284,0.9999999,1,1
1895679477,1968459057,0.99999917,1,1
1895679477,1259701213,0.9999989,1,0
1895679477,4139722026,1.0170619e-06,0,0
1895679477,2391573734,0.08105316,0,0
1895679477,1826591083,0.9998385,1,0
1895679477,2019748690,0.9985832,1,0
1895679477,345960905,0.0018584746,0,1
1895679477,4139722026,0.0023772607,0,0
1895679477,1826591083,0.05088179,0,0
1895679477,1736153735,0.80529225,1,0
1895679477,2019748690,0.9999925,1,0
1895679477,454957861,0.0003668995,0,0
1897267951,1159109322,5.5612195e-06,0,1
1897267951,955398943,2.0123541e-06,0,0
1897267951,2103344824,2.3172374e-08,0,0
1897267951,2899306830,0.0011128564,0,0
1918148274,129394252,3.8572352e-07,0,0
1918148274,2213167316,0.99030846,1,1
1918148274,621887962,1.8248411e-07,0,0
1918148274,3429416155,0.0008445985,0,0
1918148274,3163490153,0.023108268,0,0
1918945522,631001871,0.012130622,0,0
1918945522,3812153136,0.99989426,1,0
1918945522,1996708167,0.999928,1,1
1918945522,4268317684,0.009945176,0,0
1918945522,1356178708,0.9294025,1,0
1926859556,2232279617,1.3218407e-07,0,0
1926859556,3827639776,0.53900796,1,1
1926859556,2187392019,1.6081745e-07,0,0
1926859556,4092423355,8.621314e-06,0,0
1926859556,3941340806,0.0011769393,0,0
1932371532,645128809,8.4448926e-05,0,1
1932371532,26997605,1.3812404e-07,0,0
1932371532,232415600,7.9471585e-07,0,0
1932371532,2797704901,7.243531e-07,0,0
1932371532,869427005,0.00426274,0,1
1932371532,2180806657,0.8682573,1,1
1932371532,1556254993,1.0,1,1
1932371532,2198898969,0.9991486,1,1
1933513142,3115628178,4.3983673e-07,0,0
1933513142,1807831177,0.700502,1,0
1933513142,1446660181,0.39339346,0,0
1933513142,2586592033,0.99558026,1,0
1933513142,476754780,0.99999976,1,1
1954193338,3643219070,0.0010803281,0,0
1954193338,3317052947,0.99999976,1,0
1954193338,2685878625,0.9997526,1,1
1954193338,2430713742,0.001603467,0,0
1967689783,3330051251,6.4861934e-09,0,0
1967689783,2860014925,0.9903617,1,0
1967689783,731289734,0.9849481,1,0
1967689783,1666413374,0.998939,1,1
1967689783,2779174239,0.9988072,1,0
1967689783,4249979866,0.9995522,1,1
1967689783,4170145082,0.074192464,0,1
1967689783,861455380,0.99999964,1,1
1967689783,3629495507,0.99999416,1,1
1967689783,1134231092,1.0,1,1
1967689783,2653321720,0.9991272,1,1
1996678705,3222805942,5.2963136e-05,0,0
1996678705,3005685679,0.99999535,1,0
1996678705,3114299686,0.99986446,1,0
1996678705,3632963428,0.9895399,1,1
1996678705,250948414,0.60835373,1,0
2006663136,1820083761,3.8848685e-13,0,0
2006663136,4020968761,2.8346365e-08,0,0
2006663136,3293015360,5.8466745e-11,0,0
2006663136,2288198297,1.9547404e-06,0,0
2006663136,3802981250,0.008068656,0,1
2014445987,1651296381,3.0142821e-06,0,0
2014445987,3843970272,1.7331345e-09,0,0
2014445987,2674578873,4.353644e-09,0,0
2014445987,3399301092,7.087721e-06,0,0
2014445987,2958853320,0.9999472,1,0
2014445987,241839498,1.0,1,1
2021435753,2007279414,5.4636165e-18,0,0
2021435753,221202458,3.51094e-08,0,0
2021435753,439311946,1.0288695e-09,0,0
2021435753,1714855985,1.3063365e-06,0,0
2030266367,853911830,9.897551e-06,0,1
2030266367,2543488064,2.8802808e-06,0,0
2030266367,2232765899,1.6320095e-05,0,0
2030266367,1116957623,0.00732272,0,0
2030266367,1660158596,2.6021871e-05,0,0
2030266367,3597133586,0.9962477,1,1
2031754020,2548272502,0.00019628742,0,0
2031754020,1465929077,0.99996316,1,0
2031754020,2396566946,0.99995923,1,0
2031754020,810618772,0.95436686,1,0
2031754020,1816813281,1.0,1,1
2033945746,3321926072,0.005032366,0,1
2033945746,2422997693,9.630534e-07,0,0
2033945746,2198898969,3.402804e-07,0,0
2033945746,2102453106,0.00015499139,0,0
2033945746,2180806657,0.055785567,0,0
2033945746,645128809,0.8074013,1,1
2033945746,2692070381,0.9999472,1,1
2033945746,2692654556,0.99999785,1,1
2033945746,2180806657,0.9999994,1,0
2033945746,2102453106,4.285935e-06,0,0
2033945746,2198898969,0.9999995,1,0
2033945746,3229872217,0.0016226666,0,0
2033945746,2422997693,0.00062446645,0,0
2039668267,3123265999,1.9394563e-06,0,1
2039668267,2757258727,3.0177826e-08,0,0
2039668267,889048145,3.4108332e-06,0,0
2039668267,232015242,0.0039845896,0,1
2040340167,4160048540,5.9514185e-09,0,0
2040340167,2114371180,1.8448498e-08,0,0
2040340167,2893363609,4.741702e-12,0,0
2040340167,3583375355,6.136897e-08,0,0
2040340167,753115138,0.01478215,0,0
2043422334,4150879325,1.8396199e-06,0,0
2043422334,3653847990,0.9998808,1,0
2043422334,1894169490,0.97862077,1,1
2043422334,3879638171,6.424238e-09,0,0
2043422334,1781140612,0.9999819,1,0
2054531858,3618052616,3.6462916e-07,0,0
2054531858,3899715231,0.027634364,0,0
2054531858,4161974839,0.96376306,1,0
2054531858,4105370932,0.6691782,1,0
2054531858,1383584914,0.99999833,1,1
2063287658,2704261655,0.03358755,0,1
2063287658,642907744,1.36912846e-08,0,0
2063287658,1883489475,1.0058188e-06,0,0
2063287658,1170143822,0.02215324,0,0
2063287658,1293469319,0.12183234,0,0
2069145631,439788986,7.872572e-05,0,0
2069145631,2916657146,0.9995247,1,1
2069145631,4107771229,4.3986754e-05,0,0
2069145631,4054253362,3.8534e-06,0,0
2069145631,3604535108,0.9664679,1,0
2069512156,3175414775,0.99843293,1,0
2069512156,2665194430,0.99999034,1,1
2069512156,1906696952,1.0,1,0
2069512156,2130393831,0.99979824,1,0
2069512156,225691717,0.0010834809,0,0
2069512156,4268879178,1.3940189e-06,0,0
2071663365,3809622055,5.062354e-07,0,0
2071663365,3836293829,0.99161655,1,0
2071663365,3770372185,0.991651,1,1
2071663365,3757885529,0.00018738316,0,0
2071663365,4210789941,6.394437e-08,0,0
2102662137,3444425146,0.024566904,0,0
2102662137,1412973771,1.0,1,0
2102662137,2915353594,0.9999981,1,0
2102662137,372011842,0.999992,1,1
2102662137,1973968610,0.99935573,1,0
2107308395,3113837197,4.1872042e-08,0,0
2107308395,310965747,5.8480754e-09,0,0
2107308395,682010995,2.236946e-10,0,0
2107308395,2191612778,0.052906077,0,0
2107308395,2212723194,0.56855994,1,0
2107308395,735762799,1.0,1,1
2111847795,2131593904,6.4966207e-07,0,0
2111847795,898889852,9.9958825e-08,0,0
2111847795,1801234307,6.217044e-09,0,0
2111847795,4244421622,1.358359e-05,0,0
2111847795,587628640,0.9774485,1,0
2116203935,1477315844,0.00025568882,0,0
2116203935,2867959207,0.2537411,0,1
2116203935,1675199562,5.050736e-05,0,0
2116203935,3150441220,0.99964,1,0
2116203935,357251280,0.87035406,1,0
2116203935,2002132690,0.007913709,0,0
2116203935,3499428374,0.9999565,1,1
2116203935,4058829330,4.024497e-05,0,1
2129690960,414601582,1.0,1,0
2129690960,2759111805,0.0723947,0,0
2129690960,2318827942,0.8590963,1,0
2129690960,4079660037,0.99999905,1,1
2129690960,1811608751,0.4157258,0,0
2129690960,897667289,0.9995402,1,0
2162823560,2983198547,5.4697557e-05,0,0
2162823560,2030259046,0.999967,1,0
2162823560,3863224528,0.9999943,1,0
2162823560,498802162,0.9938386,1,1
2171206786,2468753277,2.0004385e-05,0,0
2171206786,568710964,0.047091484,0,0
2171206786,1315709702,0.99980694,1,0
2171206786,2885684023,0.99280727,1,0
2171206786,1734815968,1.0,1,1
2171206786,1079489905,0.5456705,1,1
2171206786,1943998655,1.0,1,1
2183586456,2880529865,0.012481174,0,0
2183586456,1872585098,0.99963284,1,1
2183586456,1605110491,5.311546e-06,0,0
2193694254,880757724,8.686611e-06,0,1
2193694254,1439164638,1.3967885e-10,0,0
2193694254,471518637,2.5717803e-09,0,0
2193694254,1341535889,0.009582294,0,0
2193694254,2816458811,0.00043490445,0,0
2193694254,3316518304,0.2873404,0,1
2196784941,1807134906,7.054693e-08,0,0
2196784941,1770523304,0.9939319,1,0
2196784941,1983816887,0.8524845,1,0
2196784941,3612754071,0.9475707,1,1
2196784941,1607345926,1.0,1,0
2205166542,750506418,0.072118364,0,1
2205166542,522490248,1.4227419e-09,0,0
2205166542,1989853635,0.00012260592,0,0
2205166542,223675975,0.00022207877,0,0
2205166542,2325712717,0.10231929,0,0
2205166542,759623017,0.0006023182,0,1
2205166542,67648066,0.005043849,0,1
2205166542,1232434552,0.9997061,1,1
2205166542,3801659300,0.99999785,1,1
2205166542,1975008770,1.0,1,1
2205166542,1006903887,1.0,1,1
2205166542,65357600,0.9999976,1,1
2209002289,1604324184,3.654086e-05,0,1
2209002289,3946862286,0.00042583668,0,0
2209002289,41330505,4.7857975e-06,0,0
2209002289,392166594,0.0009257539,0,0
2209002289,302720508,0.0025590628,0,0
2209002289,1524561927,3.4110688e-08,0,1
2209002289,389805714,0.99997735,1,1
2209002289,1678019857,0.98827094,1,1
2209002289,3315662669,0.99807227,1,1
2209002289,1188805929,0.99617285,1,0
2209002289,2453241445,0.011135368,0,1
2209002289,2625684328,0.00027816882,0,1
2209002289,2020022404,0.99999714,1,1
2209002289,483236510,0.44871852,0,1
2217177799,1463274654,0.00059895613,0,1
2217177799,3401671787,7.4410407e-09,0,0
2217177799,3147852009,1.71041e-05,0,0
2217177799,940261225,0.00027638124,0,0
2217177799,3783605391,0.006663636,0,1
2217177799,3949033351,0.00074855174,0,0
2217567238,3150441220,1.0,1,1
2217567238,2122716507,1.0,1,0
2217567238,542039046,0.0038225567,0,0
2217567238,844228434,1.0,1,0
2217567238,2002132690,0.99951196,1,0
2217567238,2277754128,0.9999579,1,0
2238790970,2996288314,3.216399e-07,0,0
2238790970,3210255076,0.8333833,1,0
2238790970,1178771563,0.99999344,1,0
2238790970,1520252149,5.5814406e-05,0,0
2238790970,1349897681,0.9999753,1,1
2248506579,1848091116,1.8660694e-05,0,0
2248506579,172674803,0.19805671,0,0
2248506579,2178551581,0.7426774,1,1
2248506579,2045076885,5.2209387e-08,0,0
2248506579,2965867805,0.99822336,1,0
2248506579,662090934,0.0017646125,0,1
2248506579,383563223,0.9998617,1,0
2255113076,1729582789,0.47093856,0,0
2255113076,3252432592,1.0,1,1
2255113076,3568507739,8.256418e-07,0,0
2255113076,4277739075,4.736167e-06,0,0
2255113076,897667289,0.0055789705,0,0
2255113076,677485601,4.903645e-06,0,1
2271261888,2096658932,8.0413065e-10,0,0
2271261888,616366401,8.343617e-10,0,0
2271261888,873286892,6.1588545e-10,0,0
2271261888,2538130294,0.11125341,0,0
2272634729,3870303496,9.962356e-05,0,0
2272634729,1577453309,2.5857291e-06,0,0
2272634729,2146934064,0.010761045,0,0
2272634729,1460863346,0.99065673,1,1
2272634729,2554987616,6.043745e-09,0,0
2272634729,2169756279,1.5857551e-06,0,1
2272634729,2962466426,0.0016834232,0,1
2275313265,2414344384,6.407292e-07,0,0
2275313265,1934335136,0.99878734,1,1
2275313265,3698756265,1.14845804e-07,0,0
2275313265,3507241236,4.4826085e-09,0,0
2275313265,1968875639,0.1592926,0,0
2278013791,870386522,0.00056479883,0,0
2278013791,798216010,0.99977165,1,0
2278013791,3827509415,0.9919647,1,0
2278013791,580851030,0.29142624,0,1
2278013791,3810234126,0.9999746,1,0
2282422131,1542381330,7.719858e-07,0,0
2282422131,1660158596,0.99999714,1,0
2282422131,1569315704,0.99998677,1,0
2282422131,3978290343,0.99998236,1,0
2282422131,2554360190,1.0,1,1
2295726157,873255426,7.60594e-06,0,0
2295726157,551112142,0.99995303,1,0
2295726157,3200581311,0.963526,1,0
2295726157,1356197621,0.99975854,1,1
2305032569,810618772,2.5876437e-09,0,0
2305032569,1902753965,4.922401e-10,0,0
2305032569,1465929077,5.6178296e-06,0,0
2305032569,975577539,2.6640977e-05,0,0
2305032569,282465740,0.07254259,0,0
2315042356,2308433116,1.221955e-09,0,0
2315042356,2755616470,0.9239474,1,0
2315042356,498959605,0.09122252,0,0
2315042356,4074277345,0.0015161494,0,0
2315042356,1556502972,0.98916316,1,1
2325340243,2304176660,6.0064267e-06,0,0
2325340243,1951437492,0.99966264,1,0
2325340243,1370289455,0.9954881,1,1
2326237915,564832478,2.8393659e-08,0,0
2326237915,1977805725,0.9986564,1,0
2326237915,1940265937,0.995784,1,1
2326237915,3715414633,0.5547714,1,1
2326237915,2567184413,0.99952805,1,1
2326237915,2232765899,1.0,1,1
2326237915,1270020700,0.99998236,1,1
2326463380,2445964998,5.3007928e-11,0,0
2326463380,1465929077,0.9996525,1,0
2326463380,4167704462,0.99820864,1,1
2326463380,1892018889,1.9184326e-11,0,0
2326463380,2621315686,0.0038788512,0,0
2353444142,989190365,1.3742216e-09,0,0
2353444142,1610359399,0.99454343,1,0
2353444142,242984996,0.99598455,1,0
2353444142,228724478,2.7096241e-05,0,0
2353444142,3047117217,0.99953866,1,1
2353444142,1707508219,0.969518,1,1
2360121322,2274620725,0.0020633552,0,0
2360121322,1370289455,1.0,1,0
2360121322,118574918,0.9999988,1,1
2360121322,2040806459,0.99643433,1,0
2360121322,2715216804,0.88963956,1,0
2378571713,3192271689,1.6968107e-06,0,0
2378571713,917924708,0.99970454,1,1
2378571713,2562787688,1.177609e-06,0,0
2378571713,1729385316,2.7818132e-09,0,1
2388007096,3639467255,4.2839513e-08,0,0
2388007096,1429902662,2.5259093e-08,0,0
2388007096,4038462730,2.5363954e-08,0,0
2388007096,1803275543,1.5739559e-05,0,0
2388007096,1364541758,0.998635,1,0
2393365897,2300765890,8.2164515e-06,0,0
2393365897,2321729704,0.98822355,1,1
2393365897,3055637107,4.876448e-07,0,0
2393365897,3033099568,0.00010034225,0,0
2393365897,1383705967,0.00060450163,0,0
2408246939,2422059390,1.0,1,1
2408246939,3583375355,1.0,1,0
2408246939,3077993055,0.99948967,1,0
2408246939,2766764102,0.00030633213,0,0
2408246939,1534104114,0.8067378,1,0
2408246939,2296562792,0.9999907,1,0
2417747893,3598553657,0.00527533,0,1
2417747893,1942387906,4.5097854e-09,0,0
2417747893,907511974,6.19106e-07,0,0
2417747893,639862177,2.017636e-05,0,1
2425859426,298169907,9.709298e-07,0,1
2425859426,3865569130,1.2229086e-07,0,0
2425859426,1766688413,9.978938e-05,0,0
2425859426,876577108,0.009128453,0,0
2425859426,3445015768,0.854339,1,0
2425859426,1256918510,2.0463518e-05,0,1
2425859426,3238059633,0.9804704,1,1
2446596885,252821893,1.4053238e-05,0,0
2446596885,1905968948,0.99417466,1,0
2446596885,4251121485,0.9999945,1,1
2446596885,1855699894,8.354167e-05,0,1
2456225582,4224651969,2.2701294e-09,0,0
2456225582,3641477138,1.4877632e-05,0,0
2456225582,2354781149,0.0008076059,0,0
2456225582,3109164411,0.001310099,0,0
2456225582,2662850238,2.8922766e-06,0,0
2463864814,4134602325,3.394423e-06,0,1
2463864814,719385321,2.307006e-08,0,0
2463864814,3101776934,1.721134e-05,0,0
2463864814,1446431799,0.03055591,0,0
2463864814,2439177854,0.0014299974,0,0
2463864814,3720632668,0.8694116,1,0
2473747678,1600413013,0.38642028,0,1
2473747678,675843657,9.706798e-07,0,0
2473747678,4278742882,2.8731455e-07,0,0
2473747678,580141222,2.5601941e-05,0,0
2473747678,606856804,0.0004142373,0,0
2489943153,2430843394,0.0016878543,0,1
2489943153,3159114805,6.4104313e-09,0,0
2489943153,3353690853,3.3876354e-06,0,0
2489943153,653825038,0.0034789068,0,0
2489943153,1709116685,0.016594088,0,0
2489943153,1969780767,0.98070747,1,1
2489943153,4230607400,0.96210873,1,1
2493952533,2657714090,0.99834704,1,0
2493952533,4063419559,0.9999995,1,0
2493952533,3430342894,0.9997787,1,0
2493952533,956258196,0.006749882,0,1
2493952533,31247346,0.00022202925,0,0
2493952533,817091493,0.8450918,1,1
2493952533,2025383966,0.9877501,1,1
2493952533,2152420806,0.99999154,1,1
2493952533,1828207870,0.9999989,1,1
2517213950,3812153136,6.9111046e-09,0,0
2517213950,2988444536,0.9950578,1,0
2517213950,4017520480,0.12489759,0,1
2517213950,1667438718,4.9380058e-05,0,0
2517213950,344135913,0.020120362,0,0
2520120463,3339552268,4.842908e-10,0,0
2520120463,2676810251,0.00023653984,0,1
2520120463,3359494180,7.7128306e-07,0,0
2520120463,3492020204,1.2972871e-06,0,0
2520120463,1615468226,6.6394045e-05,0,0
2522377610,3867540008,5.5339002e-05,0,0
2522377610,230148747,0.99997747,1,0
2522377610,2512805826,0.9999958,1,0
2522377610,3075319534,0.99986863,1,0
2522377610,2163214170,0.99999785,1,1
2536496919,4139045662,1.183273e-05,0,0
2536496919,1383338391,0.9999987,1,1
2536496919,4294677286,1.0557912e-06,0,0
2536496919,3561137432,3.2874818e-09,0,0
2536496919,2577247101,0.0013833025,0,0
2536496919,4231131178,0.93216395,1,1
2566144998,3298491517,2.0205288e-08,0,0
2566144998,3618189475,0.99894613,1,1
2566144998,4172079406,1.32346195e-05,0,0
2566144998,2524536115,4.51479e-11,0,0
2566144998,3784793235,0.00013800371,0,0
2566144998,1073807149,0.00011211633,0,1
2566144998,1006377265,0.015170886,0,1
2571725299,1262111436,1.8993197e-07,0,0
2571725299,2007279414,3.3540148e-10,0,1
2571725299,236468864,6.255706e-05,0,0
2571725299,1902753965,1.6253399e-09,0,0
2571725299,4070745483,1.7605746e-05,0,0
2571725299,1231183808,0.4688335,0,1
2571725299,4105510328,0.011692397,0,1
2571725299,2993747793,1.0,1,0
2596513149,2916690517,3.161847e-07,0,0
2596513149,420845235,0.15416475,0,0
2596513149,45273014,0.999841,1,0
2596513149,954103520,0.9957546,1,0
2596513149,2335914238,0.9999999,1,1
2596513149,4180447885,0.112081654,0,0
2596513149,1742102536,0.00045065163,0,0
2604497840,61199712,1.2653385e-06,0,0
2604497840,4249606980,0.99999726,1,0
2604497840,897667289,0.99997795,1,1
2604497840,2155175647,0.07910774,0,0
2604497840,1326847168,0.9537834,1,0
2604497840,4257314703,1.7708401e-06,0,1
2619163162,3812153136,0.0060161604,0,0
2619163162,955398943,0.9997193,1,0
2619163162,3499428374,0.99859864,1,0
2619163162,4058829330,9.567324e-07,0,0
2619163162,1600413013,0.9762899,1,1
2623537385,2346236824,0.00017930762,0,0
2623537385,397354362,0.99999464,1,0
2623537385,996645840,0.127261,0,1
2623537385,1838041662,0.011896214,0,0
2623537385,1378819365,0.02772961,0,0
2623537385,3086023208,0.95491,1,0
2638473114,702032205,1.0,1,0
2638473114,3347784034,0.015000334,0,0
2638473114,1275822727,0.99968255,1,0
2638473114,200825836,0.99962294,1,1
2638473114,3384511898,1.0,1,0
2638473114,750079596,0.9999974,1,0
2638473114,3191068419,0.10245436,0,1
2643058163,2181644863,0.12783982,0,1
2643058163,2232765899,1.3692895e-05,0,0
2643058163,2007279414,1.5700953e-10,0,0
2643058163,2790657295,0.0019886494,0,1
2643058163,4253737282,0.99935776,1,1
2643058163,1401069734,0.9999974,1,1
2643058163,1998964568,0.7396356,1,1
2643058163,3600053010,1.0,1,1
2643058163,1557343462,0.99999964,1,1
2660754061,1869298828,0.06560967,0,1
2660754061,3440289078,8.026563e-06,0,0
2660754061,1129492416,3.1141448e-05,0,0
2667370728,2002132690,6.160879e-06,0,0
2667370728,3174369333,0.5409616,1,1
2667370728,1043524551,3.8098472e-06,0,0
2667370728,3981414613,0.3458608,0,0
2667370728,3508849684,0.0013017706,0,0
2669808667,2729267396,3.712346e-05,0,0
2669808667,1465929077,2.892666e-05,0,0
2669808667,861702567,0.9985033,1,1
2669808667,810618772,0.00010771728,0,0
2669808667,2190369261,2.8027348e-06,0,1
2681199273,1566969892,0.0006819366,0,0
2681199273,955398943,0.99999475,1,0
2681199273,1600413013,0.99977916,1,1
2681199273,4278742882,0.00046210177,0,0
2681199273,2923056628,0.38485515,0,0
2681199273,2453993629,1.2057365e-05,0,1
2681199273,2412032092,0.99994516,1,1
2684781446,825378558,6.6629354e-07,0,1
2684781446,2418119146,2.6226905e-08,0,0
2684781446,2011797216,0.000295046,0,0
2684781446,1942387906,0.0042777373,0,0
2684781446,2233058127,0.012740485,0,0
2690867178,3235749382,6.38783e-08,0,0
2690867178,620729001,0.9798157,1,0
2690867178,2814838138,0.9921252,1,0
2690867178,3133902522,0.99284345,1,1
2690867178,432158069,0.9990589,1,0
2692015370,4191471978,6.243445e-10,0,0
2692015370,521837082,1.1110449e-07,0,0
2692015370,1250133970,3.5739033e-12,0,0
2692015370,3597169763,5.644201e-07,0,0
2692015370,3534825954,0.99996674,1,0
2700330302,2993387051,1.5091706e-06,0,0
2700330302,2993825867,0.999527,1,1
2700330302,2762282302,4.0573013e-08,0,0
2700330302,2526773363,4.1874948e-05,0,0
2700330302,1481015257,0.8980552,1,0
2703461171,4149598823,3.7051502e-06,0,0
2703461171,2715216804,0.9999956,1,0
2703461171,3882708104,0.9770493,1,1
2703461171,2108188468,0.00042254492,0,0
2703461171,1397225485,4.4189323e-06,0,0
2706298619,1257010649,0.09585899,0,0
2706298619,2654475121,0.9999999,1,0
2706298619,3366038267,0.9999827,1,0
2706298619,1106103765,0.42675427,0,1
2706298619,2935280865,0.7717821,1,0
2712853779,1567855402,3.987407e-06,0,0
2712853779,2920293801,1.2515461e-07,0,0
2712853779,116674349,5.3337816e-12,0,0
2712853779,972005658,2.7138443e-05,0,0
2712853779,2057354451,0.04786049,0,0
2713603391,519818482,1.7156209e-07,0,0
2713603391,1678290669,0.9959785,1,1
2713603391,3499428374,1.7439923e-08,0,0
2713603391,98389177,5.460753e-10,0,0
2713603391,1784678428,0.000383704,0,0
2727221059,4018659268,1.5990665e-05,0,0
2727221059,453719661,0.011621946,0,0
2727221059,3589097685,1.9043304e-08,0,0
2727221059,3138246349,0.06340289,0,0
2727221059,2598656612,0.8122353,1,0
2727600790,693605333,0.0046386677,0,0
2727600790,3768196126,0.025460433,0,0
2727600790,1175478989,0.9999821,1,0
2727600790,3694172820,0.70643115,1,1
2727600790,585272047,5.0455224e-06,0,0
2740017993,2234839224,0.05519923,0,0
2740017993,1222992905,0.97679454,1,0
2740017993,3499428374,0.7588173,1,0
2740017993,1769681665,0.07431978,0,0
2740017993,4002702641,0.9999974,1,0
2740017993,955398943,0.9999989,1,1
2752875123,3879238985,0.001840051,0,0
2752875123,3534827249,4.6742343e-10,0,0
2752875123,2205410829,4.6354575e-08,0,0
2756550887,1294336672,1.9335894e-05,0,0
2756550887,1262111436,0.9648923,1,0
2756550887,975577539,0.9998184,1,1
2756550887,1716470668,3.4025955e-08,0,1
2756550887,2548272502,1.0,1,1
2756550887,2583046456,0.99702376,1,1
2756550887,74304219,0.9990896,1,1
2756550887,4105510328,0.99947983,1,1
2756550887,1902753965,0.98730785,1,1
2756550887,2993747793,0.9998548,1,1
2756550887,3048315473,1.0,1,1
2756550887,1714855985,0.6103399,1,1
2756550887,4238681272,0.9999927,1,1
2756550887,1465929077,1.0,1,1
2756550887,2445964998,0.999295,1,1
2756550887,810618772,0.997122,1,1
2756550887,1548058369,1.0,1,1
2756550887,2642707561,1.0,1,1
2756550887,2729267396,0.9999999,1,1
2756550887,2528133963,0.49450538,0,1
2756550887,212302062,0.99999976,1,1
2761872404,1136599794,8.412801e-07,0,0
2761872404,714110997,0.9999807,1,0
2761872404,3845010948,0.985953,1,1
2761872404,3425996117,1.5088411e-06,0,0
2761872404,3731803757,0.4137426,0,0
2766269208,421490602,5.0115847e-07,0,0
2766269208,3358028399,2.226762e-05,0,0
2766269208,3980899956,0.99844044,1,1
2766269208,352713895,0.00020762005,0,0
2766269208,4181724338,0.00016183009,0,0
2766269208,1510744133,0.0003509456,0,0
2766269208,3576586766,0.9979924,1,0
2766269208,4202477631,2.015161e-05,0,0
2766269208,1264609540,0.9905099,1,0
2766269208,4247442717,1.0,1,0
2766269208,1750473893,1.0,1,1
2766269208,2354753475,2.1932958e-09,0,1
2766269208,1385499500,0.99716526,1,1
2766269208,3131220093,0.9750097,1,1
2771438232,3733102523,0.9999925,1,0
2771438232,611213890,0.98859495,1,0
2771438232,3495546034,0.00078706566,0,0
2771438232,3391112259,1.5403944e-09,0,0
2771438232,942844702,0.9339806,1,1
2771438232,4141771222,0.9992508,1,0
2777195317,1072010365,4.168152e-08,0,0
2777195317,1256569027,0.9999722,1,1
2777195317,4258442948,1.09281105e-10,0,0
2777195317,585602638,2.0282307e-05,0,0
2777195317,587454424,0.99994636,1,0
2787327616,3300418522,3.5664754e-05,0,0
2787327616,1956045337,1.7233031e-06,0,0
2787327616,1747799199,3.311177e-07,0,0
2787327616,1091442489,0.012483679,0,0
2787327616,1617947886,0.12335347,0,0
2794470551,2324380948,8.480141e-07,0,1
2794470551,2375399520,1.286925e-09,0,0
2794470551,1638236770,8.461786e-09,0,0
2794470551,1930033127,4.4479184e-05,0,0
2794470551,3768680031,0.98884076,1,0
2822972903,1400747329,5.8649166e-06,0,1
2822972903,2221155670,3.0838592e-09,0,0
2822972903,1432953063,1.5164211e-08,0,0
2822972903,2424116559,3.9571014e-06,0,0
2822972903,1297314311,0.0020310837,0,0
2822972903,4224238432,0.9997893,1,1
2823307221,990580500,3.2010066e-05,0,0
2823307221,959956049,0.9999846,1,0
2823307221,2200462415,0.9999862,1,0
2823307221,3888723655,0.99711764,1,0
2823307221,1374950994,0.99999726,1,1
2823307221,2970567256,0.009046809,0,1
2834313805,2978619161,3.204433e-08,0,0
2834313805,701208294,7.956764e-11,0,0
2834313805,158163508,4.7578096e-12,0,0
2834313805,2724525695,0.000388831,0,0
2834313805,379509952,0.99979514,1,0
2834313805,1600455011,1.0,1,1
2837984655,2787953346,0.0006561161,0,0
2837984655,389811473,1.4716764e-07,0,0
2837984655,125703643,0.9905557,1,0
2837984655,2814849271,0.9999981,1,1
2837984655,3003210851,5.2088644e-19,0,0
2837984655,3315756640,0.737001,1,0
2842951963,2586592033,1.9003357e-06,0,0
2842951963,739813844,0.9994418,1,1
2842951963,172828127,4.7906622e-05,0,0
2842951963,4271137008,9.014353e-05,0,0
2842951963,2430284917,0.25475365,0,0
2842951963,4081565815,8.0325415e-05,0,0
2842951963,3991693053,0.006562331,0,1
2842951963,2768687948,0.9998542,1,0
2842951963,3571352784,0.1452029,0,0
2842951963,3720632668,0.0001298986,0,0
2842951963,3001163794,0.00054342614,0,0
2848481402,1761503643,8.6307584e-05,0,0
2848481402,2221890621,0.9999783,1,0
2848481402,3697176442,0.98576885,1,0
2848481402,387537657,0.997974,1,0
2848481402,3629151953,1.0,1,1
2848481402,3154515824,0.9999138,1,1
2848481402,292032212,0.999801,1,1
2848481402,2789627652,4.9587607e-06,0,1
2852759815,990323474,1.0500212e-05,0,0
2852759815,3972013386,0.9999858,1,1
2852759815,546852160,5.348605e-08,0,0
2852759815,1357901187,1.3431563e-09,0,0
2852759815,1023138400,5.613489e-05,0,0
2856937853,2220814548,5.7276303e-08,0,0
2856937853,3150441220,5.8288515e-07,0,0
2856937853,3339150698,7.920979e-12,0,0
2856937853,818027743,7.344116e-06,0,0
2856937853,2840642149,0.99576724,1,0
2856945250,379046741,2.8236852e-06,0,0
2856945250,3404168093,0.9999987,1,1
2856945250,880569203,2.4403631e-08,0,0
2856945250,2666358956,5.265436e-10,0,0
2860912043,1860393518,1.6771958e-06,0,0
2860912043,1218522841,0.9953602,1,1
2860912043,693857041,2.5115979e-08,0,0
2864836500,354391157,4.5831493e-07,0,0
2864836500,3461621159,0.9999958,1,0
2864836500,2899171328,0.999972,1,0
2864836500,4023489552,0.9505296,1,0
2864836500,3612228026,1.0,1,1
2877985693,623506969,4.3092594e-05,0,0
2877985693,221202458,0.99998,1,1
2877985693,4227005710,2.5120033e-07,0,0
2877985693,1841631859,1.5436627e-12,0,0
2877985693,3555658021,0.00013022912,0,0
2877985693,2345254596,0.001034246,0,1
2878084097,4008908259,5.7024925e-05,0,1
2878084097,2794383174,1.3999666e-08,0,0
2878084097,1259317250,2.8016013e-08,0,0
2878084097,1221855772,0.00052372826,0,0
2878084097,504450213,0.034838915,0,0
2879905973,810618772,7.3918024e-08,0,0
2879905973,975577539,0.99999833,1,0
2879905973,3222995145,0.96739364,1,0
2879905973,3884256656,0.99994516,1,0
2879905973,2422810156,1.0,1,1
2888420415,720368313,3.940738e-06,0,0
2888420415,4081195893,0.99998724,1,0
2888420415,1118969585,0.9906714,1,0
2888420415,4137702889,0.38527203,0,0
2888420415,2466666653,0.9999999,1,1
2903662804,2062625787,7.934463e-05,0,0
2903662804,2608543989,0.0129987355,0,0
2903662804,2537417919,0.0002808727,0,0
2903662804,2072609097,1.5187676e-07,0,0
2903662804,2405148727,4.644436e-05,0,0
2903662804,3496461395,6.12925e-11,0,1
2903662804,2138363616,1.3099746e-12,0,1
2903662804,580504008,0.0013508718,0,0
2903662804,2042835866,2.94574e-06,0,0
2903662804,792876040,3.5585903e-09,0,0
2903662804,96823232,0.005547717,0,0
2903662804,3150073140,0.01044112,0,0
2903662804,2825871581,5.4672014e-06,0,0
2903662804,139229088,1.0,1,0
2903662804,701392613,0.999998,1,0
2903662804,72576587,0.000106113606,0,1
2903662804,106517927,1.8555731e-13,0,0
2903662804,4114116369,0.0016322534,0,0
2903662804,3677554347,0.038072288,0,1
2903662804,2163400929,0.00041031642,0,0
2903662804,2998958650,5.3438293e-06,0,0
2903662804,2512540415,2.3441905e-07,0,0
2903662804,2478234598,1.8427594e-06,0,1
2903662804,1554642353,1.5371952e-05,0,0
2903662804,4051353547,0.9464546,1,0
2916559717,3825039117,4.0708676e-07,0,0
2916559717,3822143233,0.79382086,1,0
2916559717,3858621747,0.664726,1,1
2916559717,4019176098,0.00061216444,0,0
2916559717,1071768479,0.9925499,1,0
2931803878,536196786,4.3370146e-06,0,0
2931803878,829650247,0.99998593,1,0
2931803878,1438413864,0.9999993,1,1
2931803878,161579832,0.011535677,0,0
2932861723,2533905418,0.20320098,0,0
2932861723,477813398,0.9999999,1,0
2932861723,3217855831,0.8816451,1,1
2932861723,1748605867,1.5613624e-06,0,0
2932861723,87842054,9.759201e-05,0,0
2962659545,2445964998,5.944208e-11,0,0
2962659545,1716470668,0.99976736,1,0
2962659545,810618772,0.9999422,1,0
2962659545,2402634095,0.96951485,1,1
2962659545,2528133963,1.1207926e-05,0,0
3005728385,1651087490,1.3751015e-06,0,0
3005728385,460661301,2.9870355e-09,0,0
3005728385,518255514,5.767392e-08,0,0
3005728385,4066934337,7.92051e-06,0,0
3005728385,1324046766,0.35069543,0,0
3038024163,2457973567,2.834588e-06,0,0
3038024163,2912359758,0.34363538,0,1
3038024163,3000227659,2.9331872e-08,0,0
3038024163,72149297,9.714903e-05,0,0
3038024163,1676265172,2.9628776e-05,0,0
3038024163,4058829330,0.9729388,1,1
3038024163,2942609119,0.4114043,0,1
3038024163,1966347593,1.0,1,1
3038024163,27702695,0.9987055,1,1
3038024163,1623900702,1.0,1,1
3042360462,137279329,1.1024131e-05,0,0
3042360462,2072422072,0.99998784,1,0
3042360462,1906297840,0.99991596,1,1
3042360462,3091734711,0.025192516,0,0
3042360462,1383705967,0.99985564,1,0
3042360462,1740282438,6.218029e-06,0,0
3044183470,167342256,7.503439e-12,0,0
3044183470,3955743405,0.051596254,0,0
3044183470,3228219206,0.99937636,1,1
3044183470,1576945754,3.192144e-10,0,0
3044183470,1068082883,2.5909153e-11,0,0
3053992683,2867772846,3.239714e-06,0,0
3053992683,3744455229,0.9230467,1,0
3053992683,877202695,0.93903655,1,0
3053992683,3491268592,0.99914193,1,1
3053992683,1031124455,0.98778707,1,0
3065586006,1189540266,3.2788204e-05,0,0
3065586006,983806490,0.0009650072,0,0
3065586006,3245288267,0.9830828,1,0
3065586006,2690339923,0.8510197,1,1
3065586006,3231087603,0.98105705,1,0
3065586006,2577247101,6.641026e-08,0,0
3071093998,3949033351,1.4580908e-06,0,0
3071093998,2922105732,4.636605e-09,0,0
3071093998,3147852009,9.02967e-11,0,0
3071093998,2339593321,0.020153306,0,0
3071093998,606020229,0.9997956,1,0
3095718598,18751478,2.0045986e-08,0,0
3095718598,1044974227,0.12590735,0,0
3095718598,2654741087,0.97149956,1,0
3095718598,1666413374,0.91286504,1,1
3095718598,1800693034,1.594493e-09,0,0
3095718598,1757688444,0.009011277,0,1
3096870348,4105510328,2.9690393e-06,0,0
3096870348,1548058369,0.99999845,1,1
3096870348,1294336672,6.831333e-07,0,0
3096870348,2548272502,0.0008668684,0,0
3096870348,1902753965,2.7309932e-06,0,0
3096870348,1465929077,0.08155521,0,1
3096870348,810618772,0.03201635,0,1
3104132371,1832632366,1.956788e-06,0,0
3104132371,4021236305,1.2278846e-09,0,0
3104132371,752084125,1.14569534e-10,0,0
3104132371,1993199919,1.5456462e-05,0,0
3104132371,2363192851,0.00045793186,0,1
3104132371,2079614127,0.982017,1,1
3104132371,197942693,0.99998164,1,1
3104132371,1363619788,0.999943,1,1
3104132371,427802891,0.9999999,1,1
3104132371,3869571263,1.0,1,1
3104132371,811590455,0.9999628,1,1
3104132371,3388395910,1.0,1,1
3104132371,1688286558,0.99994147,1,1
3108358241,2765178482,1.6740526e-07,0,0
3108358241,835154923,6.123889e-07,0,1
3108358241,3981836848,2.0936627e-10,0,0
3108358241,927505727,1.4253494e-07,0,0
3108358241,2762011517,0.002300804,0,0
3108358241,2063466570,1.0555722e-07,0,0
3109949526,1570124449,0.007891455,0,1
3109949526,2829375666,2.2469544e-08,0,0
3109949526,353481995,9.418849e-06,0,0
3109949526,3103540741,0.00061612215,0,0
3109949526,3622885988,1.2156497e-05,0,0
3118938050,1580455386,0.00019445922,0,0
3118938050,4002702641,0.9999999,1,0
3118938050,1444583217,0.999992,1,0
3118938050,2457973567,0.9991473,1,0
3118938050,3514254161,1.0,1,1
3118938050,862976415,0.9947844,1,1
3123500032,1050673359,0.0006792325,0,0
3123500032,2456385399,0.99999976,1,0
3123500032,682010995,0.9987937,1,0
3123500032,36941495,0.9999851,1,1
3123500032,4238433624,0.99847573,1,0
3138635490,875529449,0.117553115,0,1
3138635490,366912974,2.2039626e-06,0,0
3138635490,1278199678,6.281207e-05,0,0
3138635490,330939731,0.0017572046,0,0
3138635490,2528576493,0.053452354,0,0
3142327997,3913331948,7.902049e-05,0,0
3142327997,2054616566,0.9999361,1,0
3142327997,37290993,0.9954764,1,0
3142327997,4270106183,0.9999759,1,0
3142327997,2880529865,0.9999994,1,1
3175354507,3430526226,0.0002283355,0,1
3175354507,2506611075,1.7086585e-07,0,0
3175354507,3981414613,2.5712723e-07,0,0
3175354507,1600413013,9.455111e-05,0,0
3175354507,211189488,0.7242437,1,0
3175354507,2417342451,0.9927451,1,1
3175354507,955398943,0.99999976,1,1
3175354507,1296306586,1.0,1,1
3180412264,3475005145,2.1184684e-05,0,0
3180412264,2021865435,4.5966576e-07,0,0
3180412264,3961159311,0.0013946693,0,0
3180412264,3922768537,3.1606608e-06,0,0
3180412264,1634579219,0.012970966,0,1
3180412264,2971637393,0.75755566,1,0
3180412264,3368430354,0.005854286,0,0
3180412264,3763253189,1.0899166e-12,0,0
3180412264,1832868028,2.7841402e-06,0,0
3180412264,2357205252,1.5168108e-06,0,0
3180412264,2796416513,3.46719e-09,0,0
3188496109,1095099424,4.4855937e-09,0,1
3188496109,717512681,2.3900715e-10,0,0
3188496109,4227005710,3.3507632e-08,0,0
3188496109,623506969,0.0010196553,0,0
3188496109,2023131804,3.5907167e-06,0,0
3191212256,1116957623,6.6913213e-09,0,0
3191212256,1269035551,8.726089e-07,0,1
3191212256,4227005710,2.6972868e-08,0,0
3191212256,2023131804,6.4149844e-12,0,0
3191212256,1665437357,0.20424479,0,0
3191212256,2621315686,2.9593823e-06,0,1
3191212256,1716470668,0.005866709,0,1
3191212256,1465929077,0.9999778,1,1
3191212256,623506969,0.9990434,1,0
3191212256,4227005710,6.865888e-05,0,0
3191212256,2797343771,0.00027234774,0,0
3191212256,1429589754,0.00011986368,0,1
3191212256,1190152428,0.0009779,0,0
3191212256,2823343043,0.0052513555,0,0
3193929919,2596820298,0.0031459508,0,0
3193929919,2569196977,0.9999857,1,1
3193929919,1858502765,4.9734805e-08,0,0
3193929919,965748273,1.8452904e-11,0,0
3193929919,67012143,7.648448e-06,0,0
3196759129,3755997215,4.0153323e-06,0,0
3196759129,4189205822,0.111614,0,0
3196759129,2457475836,0.9961636,1,1
3196759129,4085930935,0.016384602,0,0
3196759129,1192733259,2.1032439e-07,0,0
3198801990,1824709964,2.153761e-05,0,0
3198801990,496369519,0.99999154,1,0
3198801990,2227570794,0.998451,1,0
3198801990,1903444229,0.9998369,1,0
3198801990,4038462730,1.0,1,1
3200119975,2490223551,8.834938e-07,0,0
3200119975,3411275264,4.4415554e-08,0,0
3200119975,321987515,7.6804405e-08,0,0
3200119975,1382852410,0.0001798235,0,1
3200119975,2981329075,0.9760247,1,1
3200119975,2453993629,0.99999964,1,1
3210719423,1063146252,0.00017317617,0,1
3210719423,709282816,2.2753671e-08,0,0
3210719423,463936882,2.5237289e-06,0,0
3210719423,696973799,2.3972383e-05,0,0
3210719423,972005658,0.0049567833,0,0
3220398573,2107523123,1.0625854e-06,0,0
3220398573,2105086267,0.9999819,1,0
3220398573,1630476152,0.9996754,1,0
3220398573,3584210334,0.9949216,1,1
3220398573,2364839174,0.03333329,0,0
3236041774,493246293,7.885855e-06,0,0
3236041774,3976610702,3.0005042e-06,0,0
3236041774,1766631338,8.8962934e-11,0,0
3236041774,2925883219,1.9416055e-07,0,0
3236041774,288001042,0.080032945,0,0
3251840412,1458609238,8.373261e-05,0,0
3251840412,3479738412,0.9999988,1,0
3251840412,766786899,0.99995196,1,0
3251840412,3873224295,0.9912628,1,0
3251840412,2821117540,1.0,1,1
3253822509,424156215,2.2318669e-07,0,0
3253822509,278735601,1.3200015e-07,0,0
3253822509,306096597,4.2612164e-06,0,0
3253822509,2746302339,2.564573e-05,0,0
3253822509,3069145929,0.9926137,1,0
3253822509,2308433116,0.9999999,1,1
3261632504,3520307709,0.31086513,0,0
3261632504,3901918595,0.9973845,1,1
3261632504,3201936554,1.4262403e-06,0,0
3261632504,2285145952,9.290438e-05,0,0
3261632504,2692750246,0.9994124,1,0
3261632504,2905904014,0.01032961,0,1
3261632504,1677917066,0.9992667,1,0
3261632504,411731753,0.9970387,1,0
3261632504,1116212486,1.7432743e-05,0,0
3261632504,409261694,0.03911254,0,0
3261632504,1779231622,0.8409267,1,0
3278092752,658704674,1.1291922e-06,0,1
3278092752,621556981,2.14906e-10,0,0
3278092752,1976005428,4.4502184e-07,0,0
3278092752,1574620718,0.00080170535,0,1
3279316025,364572656,4.1813215e-05,0,1
3279316025,1118578975,3.0036835e-09,0,0
3279316025,2420516619,2.6362152e-09,0,0
3279316025,3514254161,3.1584793e-06,0,0
3279316025,2041135888,0.0018066003,0,0
3286878858,554606633,1.7405036e-05,0,0
3286878858,3488359504,2.6485045e-06,0,0
3286878858,1048641632,2.1563302e-07,0,0
3286878858,219854506,9.759723e-05,0,0
3292982761,2198898969,8.6320586e-05,0,0
3292982761,1162632631,0.004635411,0,0
3292982761,2180806657,0.8468189,1,1
3292982761,1571199843,3.5575238e-07,0,0
3292982761,3013777304,2.8709158e-06,0,0
3300092451,4058829330,0.23617731,0,0
3300092451,606856804,0.99447775,1,0
3300092451,4227274972,0.9985991,1,1
3300092451,2492936252,0.99986863,1,0
3300092451,2576859096,0.00010812809,0,0
3300092451,237058455,0.99518687,1,0
3308173668,2622371373,9.368022e-05,0,0
3308173668,1902318131,0.99998224,1,0
3308173668,3004520398,0.9909566,1,0
3308173668,155001219,0.9794663,1,0
3308173668,3264734489,1.0,1,1
3318646261,2899306830,0.9999993,1,0
3318646261,2963294280,0.027248973,0,0
3350047181,3618747219,1.4099991e-06,0,1
3350047181,1372844777,3.010378e-12,0,0
3350047181,2879806751,3.1674776e-06,0,0
3350047181,503792574,9.4007454e-08,0,0
3350047181,744502636,0.9724531,1,0
3368619983,294072770,0.0019710737,0,0
3368619983,2234592975,2.6754063e-07,0,0
3368619983,1425625542,4.5885636e-07,0,0
3368619983,615488222,7.440031e-06,0,0
3368619983,1444583217,0.8780583,1,0
3383460510,3360497962,1.3720118e-12,0,0
3383460510,1750662196,3.262492e-11,0,0
3383460510,495865264,9.933169e-11,0,0
3383460510,1927387740,1.80843e-05,0,0
3383460510,495182043,6.571915e-05,0,0
3389282421,897667289,8.630115e-06,0,0
3389282421,1592715278,1.3155393e-06,0,0
3389282421,2638437980,6.516329e-08,0,0
3389282421,1978511331,3.0817023e-06,0,0
3389282421,2110357957,0.007932187,0,0
3389282421,708384120,0.99981564,1,1
3408163802,1887243807,0.000114482944,0,1
3408163802,4272088362,4.757166e-06,0,0
3408163802,640515130,1.7099333e-07,0,0
3408163802,2955014739,0.00042077407,0,0
3408163802,653182236,0.0050873132,0,0
3421333729,2823343043,6.902416e-05,0,0
3421333729,623506969,1.1999367e-05,0,0
3421333729,4227005710,2.8428367e-06,0,0
3422212913,2497543159,1.4312919e-08,0,0
3422212913,1118304365,0.9999703,1,0
3422212913,3251036208,0.9999856,1,1
3422212913,380089411,0.09491689,0,0
3422212913,2361083725,2.060235e-05,0,0
3427263623,4146552769,7.9347856e-08,0,1
3427263623,869878857,2.2124385e-09,0,0
3427263623,3453356535,3.031259e-08,0,0
3427263623,3028334945,0.0004280817,0,0
3427263623,2033226809,0.98174405,1,0
3427263623,229397491,0.9956115,1,0
3442212683,4260493070,1.1894829e-06,0,0
3442212683,333010499,0.011184394,0,0
3442212683,1437016000,0.22346638,0,0
3442212683,170930739,0.84891415,1,0
3442212683,804619862,0.3365181,0,1
3452705349,2856764723,0.002285923,0,0
3452705349,812516824,0.99998283,1,0
3452705349,1129492416,0.99506617,1,0
3452705349,3571898945,0.99998415,1,0
3452705349,858707451,1.0,1,1
3453760477,3246796677,0.0008245552,0,0
3453760477,3566981174,0.9999924,1,0
3453760477,3518655503,0.99999595,1,1
3453760477,3457399351,0.018706482,0,0
3453760477,1100202806,0.60014904,1,0
3453760477,2471080346,0.00023554737,0,1
3456890538,3437341442,0.0005628848,0,0
3456890538,680512190,1.9731719e-05,0,0
3456890538,1476508560,0.1229796,0,0
3456890538,587628640,0.9999912,1,1
3456890538,888120649,0.99742824,1,0
3459927853,798676219,1.0,1,0
3459927853,2750813527,0.01679108,0,0
3459927853,1684651848,5.4115134e-07,0,0
3459927853,1951611940,0.003927303,0,1
3459927853,2136330239,0.9999887,1,0
3459927853,119334177,0.99996233,1,0
3459927853,3585709696,0.7896042,1,1
3459927853,2750813527,0.9999999,1,0
3459927853,798676219,0.99968123,1,0
3459927853,1684651848,0.00017065262,0,0
3459927853,119334177,2.1282603e-06,0,0
3459927853,2136330239,0.99978644,1,0
3471761709,10609218,1.8754876e-05,0,0
3471761709,1269035551,6.186846e-05,0,0
3471761709,2621315686,0.944908,1,0
3471761709,1892018889,9.740609e-07,0,1
3471761709,2007279414,6.9858445e-11,0,0
3477857993,16744769,0.010578705,0,0
3477857993,3777549242,0.9999764,1,1
3477857993,3267580476,2.9701437e-06,0,0
3477857993,956750026,4.326475e-05,0,0
3477857993,543405469,1.557773e-05,0,0
3477857993,3212455030,4.5627868e-07,0,1
3484099744,3195874307,0.0010151298,0,0
3484099744,237943335,0.99999917,1,0
3484099744,3434354867,0.9999913,1,1
3492585943,2575303578,0.00059408427,0,1
3492585943,3028432012,5.1387656e-07,0,0
3492585943,2885716123,3.4162136e-07,0,0
3492585943,3324867589,5.3182484e-05,0,0
3492585943,3906504805,0.0024370237,0,0
3563882371,1940265937,0.00015469034,0,0
3563882371,2232765899,7.785757e-07,0,0
3563882371,1853025775,1.3118312e-10,0,0
3563882371,2803907307,5.132922e-07,0,0
3563882371,2567184413,0.0005089971,0,0
3563882371,2725906388,0.99999905,1,0
3563882371,1998964568,0.99752,1,0
3563882371,4253737282,0.99999976,1,0
3563882371,2790657295,0.9999994,1,0
3563882371,1557343462,0.99696004,1,0
3563882371,3600053010,0.93529445,1,0
3587335204,1577167175,0.0001464567,0,0
3587335204,3399301092,0.95507574,1,1
3587335204,955398943,1.001354e-05,0,0
3587335204,1848091116,0.00024932617,0,0
3587335204,1600413013,0.9936367,1,0
3587335204,486391067,0.4367003,0,1
3598881287,2613764281,0.9973213,1,0
3598881287,1529117437,0.0045442674,0,0
3598881287,2306764850,0.8242459,1,0
3598881287,2186979685,0.99999285,1,0
3598881287,3673627695,1.0,1,1
3598881287,2438579173,0.5446973,1,0
3600455391,838907042,7.463237e-07,0,0
3600455391,2813040175,0.99999034,1,0
3600455391,4014449816,0.9611269,1,1
3600455391,1664519218,0.0017270698,0,0
3600455391,4193584037,0.6761951,1,0
3616798795,3478659795,0.9701359,1,0
3616798795,1710908750,1.0,1,0
3616798795,1566966923,0.99483275,1,0
3616798795,40744964,1.0,1,0
3616798795,1088281873,0.9999397,1,1
3616798795,1389708141,0.9861835,1,0
3621549603,2423374959,0.000168282,0,0
3621549603,4091610635,7.752943e-08,0,1
3621549603,1886391531,3.2750582e-13,0,0
3621549603,3593712038,1.0466977e-09,0,0
3621549603,2317117961,0.00021183504,0,0
3621549603,435263339,2.4386147e-06,0,0
3626957091,2951460111,5.629643e-08,0,0
3626957091,3158491291,0.021923639,0,0
3626957091,293516808,0.9996735,1,1
3626957091,645981714,1.666219e-05,0,0
3626957091,1116009964,0.0018079894,0,0
3628146836,2146934064,2.8532514e-09,0,0
3628146836,3800150193,0.00034396848,0,0
3628146836,1905968948,0.8683751,1,0
3628146836,3012443258,0.93440646,1,0
3628146836,2141807420,0.999987,1,1
3628146836,2259759203,0.00015918852,0,1
3633091100,1121189107,2.2191726e-07,0,0
3633091100,2850509209,0.58742964,1,0
3633091100,1819998447,0.9984713,1,0
3633091100,2214462711,0.9839752,1,0
3633091100,3396588531,0.99998605,1,1
3641159022,2679521343,0.00046156402,0,1
3641159022,1893629654,9.067927e-07,0,0
3641159022,1538008083,3.6611177e-06,0,0
3641159022,2779861533,0.0035361063,0,0
3641159022,2436047663,0.00011194348,0,0
3680140922,3812153136,1.1526358e-06,0,0
3680140922,897667289,0.0032801582,0,0
3680140922,2311007113,0.97526336,1,0
3680140922,3514254161,0.22290896,0,1
3680140922,4058829330,0.036483757,0,0
3686871863,53495098,1.9142874e-07,0,0
3686871863,4162042167,0.1409555,0,0
3686871863,2257565358,0.98425335,1,0
3686871863,1810281079,0.9993563,1,1
3686871863,1799639270,8.8851695e-05,0,0
3697799491,3229047715,5.0462474e-11,0,0
3697799491,2460426930,1.0653025e-06,0,0
3697799491,2471948628,2.42808e-10,0,0
3697799491,4163567434,6.974901e-05,0,0
3697799491,666085755,0.9953489,1,0
3724535659,1465929077,5.6750964e-06,0,0
3724535659,810618772,0.019199139,0,0
3724535659,1716470668,0.9832896,1,0
3724535659,2729267396,0.28385985,0,0
3724535659,1832065589,0.9966018,1,1
3724535659,1095099424,0.98755175,1,1
3724535659,2451246186,1.0,1,1
3725766398,2539029764,0.009957771,0,0
3725766398,1617391894,0.999998,1,0
3725766398,2372451104,0.9985097,1,0
3725766398,2689458299,0.99727505,1,1
3725766398,2377812861,0.015706487,0,0
3742693550,2654042307,6.676601e-06,0,0
3742693550,1319886393,0.99923265,1,0
3742693550,1813185314,0.9197649,1,0
3742693550,1146356213,0.999099,1,0
3742693550,837951321,0.99975425,1,1
3742693550,2340432094,0.9999542,1,1
3757671214,3759251777,2.2430878e-08,0,0
3757671214,2825861055,0.9624844,1,1
3757671214,1862433750,1.5880448e-07,0,0
3757671214,3381302269,6.103802e-08,0,0
3757671214,1413641706,0.002426899,0,0
3766417922,777706583,8.800645e-07,0,0
3766417922,2544663839,0.36281663,0,1
3766417922,3847927617,0.00018482683,0,0
3766417922,2522843655,1.8683773e-05,0,0
3766417922,3939674034,0.030659152,0,0
3766417922,2241772502,0.9710281,1,1
3766417922,434335182,0.00040760185,0,1
3775078143,2916377597,4.9330264e-08,0,0
3775078143,3730940322,0.99879324,1,0
3775078143,2504283564,0.99977404,1,0
3775078143,2689439975,0.99999607,1,1
3775078143,2662849125,0.99336135,1,0
3793249811,4211794568,0.0005401356,0,0
3793249811,1199178491,0.99301696,1,0
3793249811,923910543,0.9970438,1,0
3793249811,2975065827,0.85321087,1,0
3793249811,1466995652,0.9999814,1,1
3793249811,2527390511,5.2701733e-08,0,1
3798379681,674497014,1.0,1,0
3798379681,946330459,5.767111e-06,0,0
3798379681,4226852988,0.99903166,1,0
3798379681,99226238,0.30655622,0,0
3798379681,3665425666,0.9999999,1,0
3798379681,2842298652,1.0,1,1
3799386472,4260493070,1.4495403e-05,0,1
3799386472,127163854,1.3045957e-09,0,0
3799386472,3190180184,1.4872581e-08,0,0
3799386472,3224717254,0.0007345267,0,0
3799386472,1623487913,0.06397717,0,0
3816191065,4202341981,0.0011634562,0,0
3816191065,3715414633,0.9999999,1,0
3816191065,4270106183,0.9999461,1,1
3816191065,1605110491,0.0038239767,0,0
3816191065,3747717446,0.99999917,1,0
3818890017,2381736875,2.7568996e-07,0,0
3818890017,940261225,2.3286463e-08,0,0
3818890017,1848091116,3.7101463e-06,0,0
3818890017,3810095115,5.757593e-06,0,0
3818890017,1626822880,0.00044293358,0,0
3818890017,2427137736,0.9999784,1,1
3818890017,241839498,0.9995134,1,1
3818890017,556895940,1.0,1,1
3818890017,101598631,1.31219385e-05,0,1
3818890017,3617481257,1.0,1,1
3834655845,3954561766,0.035749428,0,1
3834655845,3659662790,3.969738e-07,0,0
3834655845,47443771,5.523686e-06,0,0
3834655845,1410614402,8.230952e-05,0,0
3834655845,1821342748,0.30645543,0,0
3834655845,3512026987,0.90049744,1,1
3834655845,3973696886,7.5245803e-06,0,0
3834655845,1819837770,0.97325665,1,0
3834655845,941196361,0.0002482526,0,0
3834655845,3763253189,0.041196965,0,0
3834655845,2168969773,0.0039939834,0,0
3834655845,107443528,0.9999906,1,1
3834655845,2611379231,0.9995908,1,1
3834655845,2155939936,0.9999995,1,0
3834655845,1389928885,2.801987e-05,0,1
3834655845,267727906,0.9999906,1,0
3834655845,3233419825,0.0049586794,0,0
3834655845,3377584734,2.2354005e-05,0,0
3834655845,1740256327,2.6417634e-05,0,0
3834655845,2058463423,0.93623716,1,0
3834655845,3766848512,0.9999995,1,0
3834655845,3647265906,0.0074360627,0,1
3834655845,3583871144,0.9999453,1,0
3834655845,921197600,0.0046528787,0,0
3834655845,3201835846,0.102736644,0,0
3834655845,3951671760,0.008518126,0,1
3834655845,3971390766,2.9422516e-09,0,1
3834655845,1929873511,0.69854045,1,1
3834655845,1053235337,0.99961746,1,1
3834655845,3583871144,0.9971148,1,0
3834655845,921197600,1.0245619e-06,0,0
3834655845,2058463423,1.8740382e-06,0,0
3834655845,3201835846,0.2978776,0,0
3834655845,3766848512,0.0010740806,0,0
3863123259,1826591083,6.191297e-08,0,0
3863123259,3915188082,1.0188261e-09,0,0
3863123259,2019748690,0.99982077,1,1
3863123259,13857128,0.9900551,1,1
3866909611,2361063319,3.7360898e-10,0,0
3866909611,3886618938,0.9994854,1,0
3866909611,345576099,0.99919003,1,0
3866909611,3583652288,0.6449047,1,1
3866909611,2951609731,0.99487525,1,0
3877440809,244917891,0.00070559484,0,0
3877440809,897667289,2.0541727e-05,0,0
3877440809,38282985,7.008584e-05,0,0
3877440809,3919284079,0.00010942132,0,0
3877440809,2187392019,0.00036112912,0,0
3877440809,3643004825,0.99998,1,1
3909374079,2560338404,0.000572659,0,0
3909374079,2982417413,0.99949014,1,0
3909374079,3203638855,0.99981016,1,1
3909374079,2613386532,7.1609313e-10,0,0
3909374079,400642740,2.6040439e-06,0,0
3925613292,1714855985,5.8501834e-09,0,0
3925613292,472699259,9.928159e-09,0,0
3925613292,2770327714,6.4204214e-05,0,0
3943175229,322567970,8.820205e-07,0,0
3943175229,2223569283,0.013131686,0,0
3943175229,4178250062,0.004991511,0,0
3943175229,3966478016,0.99301213,1,1
3943175229,845956763,2.29896e-05,0,0
3943175229,1089632536,2.5725604e-09,0,0
3943175229,1699116640,2.0232794e-05,0,1
3943175229,3747115394,3.715232e-05,0,1
3943175229,806696202,0.00027289902,0,1
3943175229,3285475817,0.0011665168,0,1
3944021305,3354141479,1.1798572e-06,0,0
3944021305,2825271741,0.119895585,0,0
3944021305,4011563073,0.9934987,1,0
3944021305,2079400394,0.006113187,0,0
3944021305,2096772901,0.0004620578,0,0
3944021305,379197377,0.99923384,1,0
3944021305,660949763,0.62154114,1,0
3944021305,1545607295,0.9999554,1,0
3944021305,2251273418,1.0,1,1
3944021305,2441556923,2.0560861e-07,0,0
3944021305,651230938,1.5456344e-07,0,0
3944021305,3611363603,4.8514954e-05,0,0
3944021305,2744829077,0.46348035,0,0
3944021305,1743341426,0.0009793489,0,0
3944021305,1159558718,0.9999999,1,0
3944021305,2403141666,0.99995935,1,0
3945099542,1781140612,3.090827e-08,0,1
3945099542,2898528659,2.3537552e-08,0,0
3945099542,826832481,3.7215402e-09,0,0
3945099542,3442171925,0.0023405922,0,0
3945099542,2723447665,0.0019513357,0,0
3956190115,3171268449,4.9954892e-06,0,0
3956190115,1129492416,0.9999974,1,0
3956190115,1667624518,0.9994301,1,1
3956190115,4218717490,0.0038566804,0,0
3956190115,183514604,0.2843219,0,0
3962251454,3753704467,1.4373716e-06,0,0
3962251454,3989496791,0.9999565,1,0
3962251454,3948575756,0.99959546,1,0
3962251454,1233762920,0.9997272,1,0
3962251454,663617415,0.9999585,1,1
3963277827,816384882,0.00011126069,0,0
3963277827,1360898723,0.9998386,1,0
3963277827,3531892734,0.99999905,1,1
3963277827,3920186473,2.6676025e-07,0,0
3963277827,4011563073,0.00076777337,0,0
3963277827,397513400,1.1692378e-05,0,1
3963277827,1343073449,0.3063434,0,0
3964170614,3488520242,1.9891726e-05,0,0
3964170614,1054917549,0.9978331,1,0
3964170614,929383818,0.99719065,1,0
3964170614,1022901317,0.9989504,1,0
3964170614,2274599788,1.0,1,1
3965529047,36941495,0.0001106289,0,0
3965529047,1803275543,7.0893663e-10,0,0
3965529047,1903444229,6.58488e-13,0,0
3970825989,955989309,0.00067323993,0,1
3970825989,2767221600,1.14432295e-08,0,0
3970825989,727368927,1.9016262e-08,0,0
3970825989,2453429820,5.984619e-06,0,1
3986539301,2899306830,2.3096902e-07,0,0
3986539301,1514338761,2.2161844e-07,0,0
3986539301,170511774,1.7666002e-16,0,0
3986539301,3643004825,0.0004251479,0,0
3986539301,4132690541,0.995308,1,0
3987610774,2585327580,1.0,1,0
3987610774,2116267579,0.9996092,1,0
3987610774,1968459057,1.0,1,0
3987610774,445098029,0.99996185,1,0
3987610774,2293472224,1.0,1,1
3987610774,2514859165,0.9999989,1,0
3990579831,2262878747,2.8264949e-05,0,0
3990579831,3830003912,8.81133e-08,0,0
3990579831,1605110491,0.99375546,1,0
3990579831,467130966,0.94157296,1,1
3990579831,3234626838,4.8995193e-05,0,0
3994781966,3504715371,4.676255e-06,0,1
3994781966,3643995431,1.8114126e-05,0,0
3994781966,1838041662,4.4348953e-06,0,0
3994781966,2279347311,0.005015155,0,0
3994781966,3313954564,6.0130233e-06,0,0
3995442796,1030590642,3.9530556e-11,0,0
3995442796,146887909,2.5533547e-12,0,0
3995442796,2209880365,2.606677e-08,0,0
3995442796,1213812933,2.8960992e-06,0,0
3995442796,3115754876,0.24160893,0,0
3995442796,4158715763,1.0,1,0
3995442796,4155847923,1.0,1,1
3998399905,202137419,2.477998e-06,0,0
3998399905,519818482,0.9998343,1,0
3998399905,2317641938,0.99751115,1,0
3998399905,1492911169,0.8909185,1,1
3998399905,2499367081,0.9999949,1,1
3998399905,1611628639,0.99999964,1,0
3998399905,4032767837,0.5783041,1,1
3998399905,326944617,0.9963362,1,0
3998399905,477927278,0.0035412598,0,0
3998399905,3497374203,0.0007730253,0,0
3998399905,3244922451,0.9809079,1,0
4001997352,1066839399,1.9843688e-07,0,0
4001997352,442959264,0.9996971,1,0
4001997352,1558108450,0.1308134,0,1
4001997352,37626417,5.200698e-10,0,0
4001997352,3385885030,0.59028214,1,0
4057542584,2433888237,6.340317e-09,0,0
4057542584,2890950285,0.9999865,1,1
4057542584,718170464,4.1739433e-08,0,0
4057542584,2926261497,0.00030097828,0,0
4057542584,2920504396,0.00026293905,0,0
4062975904,3324533213,8.242752e-07,0,0
4062975904,586190898,0.9999263,1,0
4062975904,4212324250,0.9748994,1,0
4062975904,3258819416,0.98546535,1,1
4062975904,960409301,0.00096492306,0,0
4075574010,659707179,0.012391141,0,0
4075574010,3839784127,0.9999999,1,1
4075574010,4179630573,1.04443515e-07,0,0
4075574010,2146865301,0.00020686263,0,0
4075574010,3722331766,0.96037096,1,0
4075574010,1682952247,0.32906568,0,1
4098096768,2437630462,6.865936e-06,0,1
4098096768,4253930794,1.2567789e-07,0,0
4098096768,3150441220,3.0109646e-07,0,0
4098096768,2899306830,0.00013286369,0,0
4098096768,3895404984,0.8286151,1,0
4101519751,897667289,1.3943559e-05,0,0
4101519751,2114066448,0.9790259,1,0
4101519751,615488222,0.99990225,1,1
4101519751,893326926,0.0023127054,0,1
4101519751,3801433102,1.0,1,1
4101519751,862976415,0.9999826,1,1
4101519751,2803416473,1.0,1,1
4101519751,4258442948,1.0,1,1
4101519751,1347542349,1.0,1,1
4101519751,4140663220,1.0,1,1
4101519751,3828664529,0.004222261,0,1
4101519751,427097190,1.0,1,1
4103923906,737023160,1.6672891e-06,0,0
4103923906,1536783222,0.99999154,1,0
4103923906,997119679,0.9747717,1,0
4103923906,955398943,0.97651094,1,1
4103923906,3981414613,1.0,1,0
4111854243,2201545594,1.0605095e-05,0,0
4111854243,4146680584,6.253125e-09,0,0
4111854243,3596510482,4.040327e-12,0,0
4111854243,3311509108,2.2534155e-06,0,0
4111854243,6996239,0.99993837,1,0
4134124728,3938234624,0.000752003,0,0
4134124728,1520803271,0.99999917,1,0
4134124728,545994124,0.9999877,1,0
4134124728,3127514099,0.99999964,1,1
4134124728,1599651156,0.95660675,1,0
4138499822,2506434794,2.3642633e-05,0,0
4138499822,2287617625,0.6028841,1,0
4138499822,3776181536,0.9994222,1,1
4138499822,2731345509,6.380429e-06,0,0
4138499822,263876510,0.060781516,0,0
4140744216,2572117226,4.6440196e-05,0,0
4140744216,2520498690,9.1969305e-08,0,0
4140744216,1838041662,3.0723388e-10,0,0
4140744216,1659742236,2.102071e-05,0,0
4140744216,4183544021,0.9099586,1,0
4145252615,3167570493,7.108302e-05,0,0
4145252615,3005548418,0.9999759,1,0
4145252615,896838988,0.9998179,1,0
4145252615,1811608751,0.9984681,1,1
4145252615,67648066,0.9989832,1,0
4162769577,1465929077,4.2206253e-07,0,0
4162769577,2445964998,1.3960043e-05,0,0
4162769577,2396566946,0.9993697,1,1
4162769577,1716470668,0.00026300803,0,0
4162769577,2528133963,0.00049148686,0,0
4170157131,2191690926,0.17541735,0,0
4170157131,4247560499,0.99999964,1,0
4170157131,2823343043,0.9999999,1,1
4170453600,4013950788,0.00032241622,0,1
4170453600,1954528574,2.4092702e-07,0,0
4170453600,2463159061,7.613172e-05,0,0
4170453600,1690154685,1.5805063e-05,0,0
4170453600,3071822251,0.00079420453,0,0
4170453600,580504008,0.9584617,1,1
4170453600,299696797,0.8844386,1,1
4170453600,3898095594,0.999974,1,1
4170453600,1406383414,0.99999356,1,1
4170453600,84684334,0.9556988,1,1
4195660981,221202458,0.0003676863,0,0
4195660981,3008735981,2.3411918e-08,0,0
4195660981,3130403537,8.4710075e-07,0,0
4195660981,1577755528,2.1925268e-06,0,0
4195660981,3720820779,0.983469,1,0
4195660981,3217855831,0.99923897,1,1
4195660981,897667289,0.99899143,1,1
4195660981,4160048540,0.9999999,1,1
4195660981,2963144429,0.99993896,1,1
4206915288,3704776276,0.0013139147,0,0
4206915288,4157683270,0.9999907,1,0
4206915288,60934942,0.99996805,1,0
4206915288,4191185830,0.9992975,1,1
4206915288,811652961,0.0002539161,0,0
4206915288,340072523,3.778036e-05,0,1
4213772349,877168999,9.344467e-07,0,0
4213772349,1689479893,0.8348116,1,1
4213772349,4238714895,1.7053655e-05,0,0
4213772349,1280009430,3.0387648e-07,0,0
4213772349,2034851926,6.189436e-05,0,0
4238321438,520433121,1.4730526e-07,0,0
4238321438,2664832740,0.48440164,0,0
4238321438,621292958,0.99186146,1,0
4238321438,1057214819,0.9981781,1,0
4238321438,2269336012,0.99999857,1,1
4239616087,2037550810,3.608645e-05,0,0
4239616087,2659423239,0.99999845,1,0
4239616087,1753827631,0.9999312,1,0
4239616087,1395960049,0.99997926,1,0
4239616087,1425177328,1.0,1,1
4239616087,125548712,0.9999337,1,1
4247553940,1213812933,5.165888e-10,0,0
4247553940,1030590642,7.908815e-11,0,0
4247553940,4150407592,1.5218995e-09,0,0
4247553940,4155847923,0.00011369508,0,0
4247553940,146887909,5.7415315e-07,0,0
4278168842,795084254,3.8761373e-06,0,0
4278168842,1707508219,0.99978167,1,1
4278168842,2101402606,4.8164834e-06,0,0
4278168842,989190365,2.3128295e-09,0,0
4286635694,1449747272,0.089283854,0,0
4286635694,3162029336,0.999987,1,0
4286635694,3580442023,0.9787628,1,0
4286635694,750220836,0.0063543627,0,1
4286635694,124989980,0.118888624,0,0
4286635694,904102962,4.8748015e-12,0,1
4286635694,1868620616,3.0581444e-07,0,1
4293103086,598708806,7.694025e-05,0,0
4293103086,1431416915,0.99999785,1,0
4293103086,2750873665,0.9971222,1,0
4293103086,4084655790,0.99999917,1,0
4293103086,2351245308,1.0,1,1
